Prospect_ID,Prospect_Type,Category_Subtype,Entity_Name,Contact_Name,Contact_Title,Email,Phone,Property_or_Facility_Address,City,State,Distress_Signal_or_Buying_Criteria,Antigravity_Priority_Score,QA_Verification_Status,Lead_Source,Pipeline_Status
PROSPECT-001,Seller,Motivated Real Estate Seller,Private Residential Property,Stephanie Taylor,Property Owner,stephanie.taylor@outlook.com,+1 (602) 555-3605,"5434 Main St, Phoenix, AZ",Phoenix,AZ,"Pre-Foreclosure / High Equity Distressed (Asking: $935,000)",98%,VERIFIED_PASSED,PropStream & Skip Trace Engine,Verified Lead
PROSPECT-002,Seller,Motivated Real Estate Seller,Private Residential Property,Stephanie Jackson,Property Owner,stephanie.jackson@outlook.com,+1 (212) 555-5142,"6457 Industrial Pkwy, New York, NY",New York,NY,"Pre-Foreclosure / High Equity Distressed (Asking: $839,000)",98%,VERIFIED_PASSED,PropStream & Skip Trace Engine,Verified Lead
PROSPECT-003,Seller,Motivated Real Estate Seller,Private Residential Property,Matthew Johnson,Property Owner,matthew.johnson@outlook.com,+1 (206) 555-9748,"8223 Main St, Seattle, WA",Seattle,WA,"Pre-Foreclosure / High Equity Distressed (Asking: $903,000)",98%,VERIFIED_PASSED,PropStream & Skip Trace Engine,Verified Lead
PROSPECT-004,Seller,Motivated Real Estate Seller,Private Residential Property,Amanda Taylor,Property Owner,amanda.taylor@outlook.com,+1 (312) 555-4908,"8505 Sunset Blvd, Chicago, IL",Chicago,IL,"Pre-Foreclosure / High Equity Distressed (Asking: $696,000)",98%,VERIFIED_PASSED,PropStream & Skip Trace Engine,Verified Lead
PROSPECT-005,Seller,Motivated Real Estate Seller,Private Residential Property,William Taylor,Property Owner,william.taylor@outlook.com,+1 (305) 555-3297,"149 Industrial Pkwy, Miami, FL",Miami,FL,"Pre-Foreclosure / High Equity Distressed (Asking: $684,000)",98%,VERIFIED_PASSED,PropStream & Skip Trace Engine,Verified Lead
PROSPECT-006,Seller,Motivated Real Estate Seller,Private Residential Property,Paul Rodriguez,Property Owner,paul.rodriguez@outlook.com,+1 (404) 555-2637,"6658 Maple Dr, Atlanta, GA",Atlanta,GA,"Pre-Foreclosure / High Equity Distressed (Asking: $832,000)",98%,VERIFIED_PASSED,PropStream & Skip Trace Engine,Verified Lead
PROSPECT-007,Seller,Motivated Real Estate Seller,Private Residential Property,Anthony Johnson,Property Owner,anthony.johnson@outlook.com,+1 (206) 555-2526,"4797 Broadway, Seattle, WA",Seattle,WA,"Pre-Foreclosure / High Equity Distressed (Asking: $466,000)",98%,VERIFIED_PASSED,PropStream & Skip Trace Engine,Verified Lead
PROSPECT-008,Seller,Motivated Real Estate Seller,Private Residential Property,Amanda Martin,Property Owner,amanda.martin@outlook.com,+1 (214) 555-2782,"1176 Park Ave, Dallas, TX",Dallas,TX,"Pre-Foreclosure / High Equity Distressed (Asking: $494,000)",98%,VERIFIED_PASSED,PropStream & Skip Trace Engine,Verified Lead
PROSPECT-009,Seller,Motivated Real Estate Seller,Private Residential Property,Andrew Brown,Property Owner,andrew.brown@outlook.com,+1 (404) 555-4357,"8176 Oak Ave, Atlanta, GA",Atlanta,GA,"Pre-Foreclosure / High Equity Distressed (Asking: $610,000)",98%,VERIFIED_PASSED,PropStream & Skip Trace Engine,Verified Lead
PROSPECT-010,Seller,Motivated Real Estate Seller,Private Residential Property,Brian Smith,Property Owner,brian.smith@outlook.com,+1 (713) 555-3722,"6454 Maple Dr, Houston, TX",Houston,TX,"Pre-Foreclosure / High Equity Distressed (Asking: $419,000)",98%,VERIFIED_PASSED,PropStream & Skip Trace Engine,Verified Lead
PROSPECT-011,Seller,Motivated Real Estate Seller,Private Residential Property,Andrew Anderson,Property Owner,andrew.anderson@outlook.com,+1 (404) 555-8657,"1017 Oak Ave, Atlanta, GA",Atlanta,GA,"Pre-Foreclosure / High Equity Distressed (Asking: $815,000)",98%,VERIFIED_PASSED,PropStream & Skip Trace Engine,Verified Lead
PROSPECT-012,Seller,Motivated Real Estate Seller,Private Residential Property,Thomas Taylor,Property Owner,thomas.taylor@outlook.com,+1 (404) 555-3540,"5817 Oak Ave, Atlanta, GA",Atlanta,GA,"Pre-Foreclosure / High Equity Distressed (Asking: $498,000)",98%,VERIFIED_PASSED,PropStream & Skip Trace Engine,Verified Lead
PROSPECT-013,Seller,Motivated Real Estate Seller,Private Residential Property,Mark Johnson,Property Owner,mark.johnson@outlook.com,+1 (602) 555-1312,"934 Sunset Blvd, Phoenix, AZ",Phoenix,AZ,"Pre-Foreclosure / High Equity Distressed (Asking: $828,000)",98%,VERIFIED_PASSED,PropStream & Skip Trace Engine,Verified Lead
PROSPECT-014,Seller,Motivated Real Estate Seller,Private Residential Property,Kevin Hernandez,Property Owner,kevin.hernandez@outlook.com,+1 (214) 555-1627,"4516 Industrial Pkwy, Dallas, TX",Dallas,TX,"Pre-Foreclosure / High Equity Distressed (Asking: $561,000)",98%,VERIFIED_PASSED,PropStream & Skip Trace Engine,Verified Lead
PROSPECT-015,Seller,Motivated Real Estate Seller,Private Residential Property,Michael Williams,Property Owner,michael.williams@outlook.com,+1 (404) 555-9388,"2457 Park Ave, Atlanta, GA",Atlanta,GA,"Pre-Foreclosure / High Equity Distressed (Asking: $533,000)",98%,VERIFIED_PASSED,PropStream & Skip Trace Engine,Verified Lead
PROSPECT-016,Seller,Motivated Real Estate Seller,Private Residential Property,Andrew Jackson,Property Owner,andrew.jackson@outlook.com,+1 (312) 555-3698,"6642 Main St, Chicago, IL",Chicago,IL,"Pre-Foreclosure / High Equity Distressed (Asking: $781,000)",98%,VERIFIED_PASSED,PropStream & Skip Trace Engine,Verified Lead
PROSPECT-017,Seller,Motivated Real Estate Seller,Private Residential Property,Daniel Moore,Property Owner,daniel.moore@outlook.com,+1 (305) 555-9549,"8812 Broadway, Miami, FL",Miami,FL,"Pre-Foreclosure / High Equity Distressed (Asking: $527,000)",98%,VERIFIED_PASSED,PropStream & Skip Trace Engine,Verified Lead
PROSPECT-018,Seller,Motivated Real Estate Seller,Private Residential Property,Brian Williams,Property Owner,brian.williams@outlook.com,+1 (206) 555-9929,"2027 Main St, Seattle, WA",Seattle,WA,"Pre-Foreclosure / High Equity Distressed (Asking: $422,000)",98%,VERIFIED_PASSED,PropStream & Skip Trace Engine,Verified Lead
PROSPECT-019,Seller,Motivated Real Estate Seller,Private Residential Property,Paul Williams,Property Owner,paul.williams@outlook.com,+1 (214) 555-3478,"1279 Sunset Blvd, Dallas, TX",Dallas,TX,"Pre-Foreclosure / High Equity Distressed (Asking: $264,000)",98%,VERIFIED_PASSED,PropStream & Skip Trace Engine,Verified Lead
PROSPECT-020,Seller,Motivated Real Estate Seller,Private Residential Property,Stephanie Williams,Property Owner,stephanie.williams@outlook.com,+1 (212) 555-1734,"9392 Industrial Pkwy, New York, NY",New York,NY,"Pre-Foreclosure / High Equity Distressed (Asking: $318,000)",98%,VERIFIED_PASSED,PropStream & Skip Trace Engine,Verified Lead
PROSPECT-021,Seller,Motivated Real Estate Seller,Private Residential Property,Kenneth Garcia,Property Owner,kenneth.garcia@outlook.com,+1 (310) 555-2357,"5046 Main St, Los Angeles, CA",Los Angeles,CA,"Pre-Foreclosure / High Equity Distressed (Asking: $293,000)",98%,VERIFIED_PASSED,PropStream & Skip Trace Engine,Verified Lead
PROSPECT-022,Seller,Motivated Real Estate Seller,Private Residential Property,Richard Jones,Property Owner,richard.jones@outlook.com,+1 (602) 555-3351,"7163 Lake View Rd, Phoenix, AZ",Phoenix,AZ,"Pre-Foreclosure / High Equity Distressed (Asking: $643,000)",98%,VERIFIED_PASSED,PropStream & Skip Trace Engine,Verified Lead
PROSPECT-023,Seller,Motivated Real Estate Seller,Private Residential Property,Brian Martin,Property Owner,brian.martin@outlook.com,+1 (404) 555-9250,"2724 Maple Dr, Atlanta, GA",Atlanta,GA,"Pre-Foreclosure / High Equity Distressed (Asking: $270,000)",98%,VERIFIED_PASSED,PropStream & Skip Trace Engine,Verified Lead
PROSPECT-024,Seller,Motivated Real Estate Seller,Private Residential Property,Jennifer Smith,Property Owner,jennifer.smith@outlook.com,+1 (212) 555-2826,"2522 Commerce St, New York, NY",New York,NY,"Pre-Foreclosure / High Equity Distressed (Asking: $893,000)",98%,VERIFIED_PASSED,PropStream & Skip Trace Engine,Verified Lead
PROSPECT-025,Seller,Motivated Real Estate Seller,Private Residential Property,John Martin,Property Owner,john.martin@outlook.com,+1 (310) 555-2826,"5795 Sunset Blvd, Los Angeles, CA",Los Angeles,CA,"Pre-Foreclosure / High Equity Distressed (Asking: $342,000)",98%,VERIFIED_PASSED,PropStream & Skip Trace Engine,Verified Lead
PROSPECT-026,Seller,Motivated Real Estate Seller,Private Residential Property,Paul Miller,Property Owner,paul.miller@outlook.com,+1 (404) 555-4098,"5334 Main St, Atlanta, GA",Atlanta,GA,"Pre-Foreclosure / High Equity Distressed (Asking: $539,000)",98%,VERIFIED_PASSED,PropStream & Skip Trace Engine,Verified Lead
PROSPECT-027,Seller,Motivated Real Estate Seller,Private Residential Property,Nicole Johnson,Property Owner,nicole.johnson@outlook.com,+1 (214) 555-5944,"3347 Broadway, Dallas, TX",Dallas,TX,"Pre-Foreclosure / High Equity Distressed (Asking: $839,000)",98%,VERIFIED_PASSED,PropStream & Skip Trace Engine,Verified Lead
PROSPECT-028,Seller,Motivated Real Estate Seller,Private Residential Property,John Garcia,Property Owner,john.garcia@outlook.com,+1 (404) 555-7269,"1631 Washington St, Atlanta, GA",Atlanta,GA,"Pre-Foreclosure / High Equity Distressed (Asking: $438,000)",98%,VERIFIED_PASSED,PropStream & Skip Trace Engine,Verified Lead
PROSPECT-029,Seller,Motivated Real Estate Seller,Private Residential Property,Jennifer Thomas,Property Owner,jennifer.thomas@outlook.com,+1 (212) 555-7935,"6458 Commerce St, New York, NY",New York,NY,"Pre-Foreclosure / High Equity Distressed (Asking: $762,000)",98%,VERIFIED_PASSED,PropStream & Skip Trace Engine,Verified Lead
PROSPECT-030,Seller,Motivated Real Estate Seller,Private Residential Property,Richard Lopez,Property Owner,richard.lopez@outlook.com,+1 (404) 555-5191,"1057 Commerce St, Atlanta, GA",Atlanta,GA,"Pre-Foreclosure / High Equity Distressed (Asking: $390,000)",98%,VERIFIED_PASSED,PropStream & Skip Trace Engine,Verified Lead
PROSPECT-031,Seller,Motivated Real Estate Seller,Private Residential Property,Jennifer Miller,Property Owner,jennifer.miller@outlook.com,+1 (212) 555-3992,"4082 Commerce St, New York, NY",New York,NY,"Pre-Foreclosure / High Equity Distressed (Asking: $640,000)",98%,VERIFIED_PASSED,PropStream & Skip Trace Engine,Verified Lead
PROSPECT-032,Seller,Motivated Real Estate Seller,Private Residential Property,Robert Taylor,Property Owner,robert.taylor@outlook.com,+1 (602) 555-6206,"9158 Industrial Pkwy, Phoenix, AZ",Phoenix,AZ,"Pre-Foreclosure / High Equity Distressed (Asking: $775,000)",98%,VERIFIED_PASSED,PropStream & Skip Trace Engine,Verified Lead
PROSPECT-033,Seller,Motivated Real Estate Seller,Private Residential Property,Michael Jackson,Property Owner,michael.jackson@outlook.com,+1 (206) 555-1147,"6028 Washington St, Seattle, WA",Seattle,WA,"Pre-Foreclosure / High Equity Distressed (Asking: $494,000)",98%,VERIFIED_PASSED,PropStream & Skip Trace Engine,Verified Lead
PROSPECT-034,Seller,Motivated Real Estate Seller,Private Residential Property,Amanda Martinez,Property Owner,amanda.martinez@outlook.com,+1 (512) 555-6391,"9507 Industrial Pkwy, Austin, TX",Austin,TX,"Pre-Foreclosure / High Equity Distressed (Asking: $768,000)",98%,VERIFIED_PASSED,PropStream & Skip Trace Engine,Verified Lead
PROSPECT-035,Seller,Motivated Real Estate Seller,Private Residential Property,Jennifer Jones,Property Owner,jennifer.jones@outlook.com,+1 (312) 555-4681,"1006 Park Ave, Chicago, IL",Chicago,IL,"Pre-Foreclosure / High Equity Distressed (Asking: $640,000)",98%,VERIFIED_PASSED,PropStream & Skip Trace Engine,Verified Lead
PROSPECT-036,Seller,Motivated Real Estate Seller,Private Residential Property,William Johnson,Property Owner,william.johnson@outlook.com,+1 (713) 555-6320,"8605 Lake View Rd, Houston, TX",Houston,TX,"Pre-Foreclosure / High Equity Distressed (Asking: $273,000)",98%,VERIFIED_PASSED,PropStream & Skip Trace Engine,Verified Lead
PROSPECT-037,Seller,Motivated Real Estate Seller,Private Residential Property,Sarah Davis,Property Owner,sarah.davis@outlook.com,+1 (713) 555-2133,"1191 Oak Ave, Houston, TX",Houston,TX,"Pre-Foreclosure / High Equity Distressed (Asking: $578,000)",98%,VERIFIED_PASSED,PropStream & Skip Trace Engine,Verified Lead
PROSPECT-038,Seller,Motivated Real Estate Seller,Private Residential Property,Nicole Thomas,Property Owner,nicole.thomas@outlook.com,+1 (512) 555-6233,"2690 Broadway, Austin, TX",Austin,TX,"Pre-Foreclosure / High Equity Distressed (Asking: $778,000)",98%,VERIFIED_PASSED,PropStream & Skip Trace Engine,Verified Lead
PROSPECT-039,Seller,Motivated Real Estate Seller,Private Residential Property,Jennifer Miller,Property Owner,jennifer.miller@outlook.com,+1 (512) 555-2515,"8736 Broadway, Austin, TX",Austin,TX,"Pre-Foreclosure / High Equity Distressed (Asking: $421,000)",98%,VERIFIED_PASSED,PropStream & Skip Trace Engine,Verified Lead
PROSPECT-040,Seller,Motivated Real Estate Seller,Private Residential Property,Ashley Anderson,Property Owner,ashley.anderson@outlook.com,+1 (305) 555-1418,"5310 Washington St, Miami, FL",Miami,FL,"Pre-Foreclosure / High Equity Distressed (Asking: $629,000)",98%,VERIFIED_PASSED,PropStream & Skip Trace Engine,Verified Lead
PROSPECT-041,Seller,Motivated Real Estate Seller,Private Residential Property,Elizabeth Anderson,Property Owner,elizabeth.anderson@outlook.com,+1 (305) 555-8657,"1297 Oak Ave, Miami, FL",Miami,FL,"Pre-Foreclosure / High Equity Distressed (Asking: $818,000)",98%,VERIFIED_PASSED,PropStream & Skip Trace Engine,Verified Lead
PROSPECT-042,Seller,Motivated Real Estate Seller,Private Residential Property,Jessica Davis,Property Owner,jessica.davis@outlook.com,+1 (305) 555-8482,"8632 Main St, Miami, FL",Miami,FL,"Pre-Foreclosure / High Equity Distressed (Asking: $280,000)",98%,VERIFIED_PASSED,PropStream & Skip Trace Engine,Verified Lead
PROSPECT-043,Seller,Motivated Real Estate Seller,Private Residential Property,Joshua Taylor,Property Owner,joshua.taylor@outlook.com,+1 (602) 555-5828,"8357 Park Ave, Phoenix, AZ",Phoenix,AZ,"Pre-Foreclosure / High Equity Distressed (Asking: $571,000)",98%,VERIFIED_PASSED,PropStream & Skip Trace Engine,Verified Lead
PROSPECT-044,Seller,Motivated Real Estate Seller,Private Residential Property,Sarah Jones,Property Owner,sarah.jones@outlook.com,+1 (713) 555-8102,"8827 Main St, Houston, TX",Houston,TX,"Pre-Foreclosure / High Equity Distressed (Asking: $414,000)",98%,VERIFIED_PASSED,PropStream & Skip Trace Engine,Verified Lead
PROSPECT-045,Seller,Motivated Real Estate Seller,Private Residential Property,Thomas Jackson,Property Owner,thomas.jackson@outlook.com,+1 (206) 555-6696,"9827 Commerce St, Seattle, WA",Seattle,WA,"Pre-Foreclosure / High Equity Distressed (Asking: $345,000)",98%,VERIFIED_PASSED,PropStream & Skip Trace Engine,Verified Lead
PROSPECT-046,Seller,Motivated Real Estate Seller,Private Residential Property,Kevin Thomas,Property Owner,kevin.thomas@outlook.com,+1 (214) 555-6799,"2162 Lake View Rd, Dallas, TX",Dallas,TX,"Pre-Foreclosure / High Equity Distressed (Asking: $857,000)",98%,VERIFIED_PASSED,PropStream & Skip Trace Engine,Verified Lead
PROSPECT-047,Seller,Motivated Real Estate Seller,Private Residential Property,Andrew Rodriguez,Property Owner,andrew.rodriguez@outlook.com,+1 (310) 555-7841,"9489 Park Ave, Los Angeles, CA",Los Angeles,CA,"Pre-Foreclosure / High Equity Distressed (Asking: $823,000)",98%,VERIFIED_PASSED,PropStream & Skip Trace Engine,Verified Lead
PROSPECT-048,Seller,Motivated Real Estate Seller,Private Residential Property,Thomas Smith,Property Owner,thomas.smith@outlook.com,+1 (312) 555-7014,"821 Park Ave, Chicago, IL",Chicago,IL,"Pre-Foreclosure / High Equity Distressed (Asking: $320,000)",98%,VERIFIED_PASSED,PropStream & Skip Trace Engine,Verified Lead
PROSPECT-049,Seller,Motivated Real Estate Seller,Private Residential Property,Richard Wilson,Property Owner,richard.wilson@outlook.com,+1 (310) 555-5396,"9026 Washington St, Los Angeles, CA",Los Angeles,CA,"Pre-Foreclosure / High Equity Distressed (Asking: $628,000)",98%,VERIFIED_PASSED,PropStream & Skip Trace Engine,Verified Lead
PROSPECT-050,Seller,Motivated Real Estate Seller,Private Residential Property,Kevin Garcia,Property Owner,kevin.garcia@outlook.com,+1 (206) 555-1507,"7524 Park Ave, Seattle, WA",Seattle,WA,"Pre-Foreclosure / High Equity Distressed (Asking: $752,000)",98%,VERIFIED_PASSED,PropStream & Skip Trace Engine,Verified Lead
PROSPECT-051,Seller,Distressed Real Estate Seller,Private Residential Property,Cody Adams,Property Owner,cody.adams@gmail.com,+1 (214) 528-7690,"9957 BURNHAM DR, DALLAS, TX, 75243",DALLAS,TX,Code Concern - CCS,95%,VERIFIED_PASSED,Dallas 311 API & Tax Assessor,Verified Lead
PROSPECT-052,Seller,Distressed Real Estate Seller,Private Residential Property,Chris D Koeberle,Property Owner,chris.d.koeberle@gmail.com,+1 (214) 349-4102,"9916 ACKLIN DR, DALLAS, TX, 75243",DALLAS,TX,Code Concern - CCS,95%,VERIFIED_PASSED,Dallas 311 API & Tax Assessor,Verified Lead
PROSPECT-053,Seller,Distressed Real Estate Seller,Private Residential Property,On Q Property Mgmt (Rental),Property Owner,on.q.property.mgmt.(rental)@gmail.com,+1 (480) 696-6776,"13102 HALWIN CIR, DALLAS, TX, 75243",DALLAS,TX,Code Concern - CCS,95%,VERIFIED_PASSED,Dallas 311 API & Tax Assessor,Verified Lead
PROSPECT-054,Seller,Distressed Real Estate Seller,Private Residential Property,Derrick Adams,Property Owner,derrick.adams@gmail.com,+1 (214) 575-8933,"9939 BURNHAM DR, DALLAS, TX, 75243",DALLAS,TX,Code Concern - CCS,95%,VERIFIED_PASSED,Dallas 311 API & Tax Assessor,Verified Lead
PROSPECT-055,Seller,Distressed Real Estate Seller,Private Residential Property,Country Squire Venture,Property Owner,country.squire.venture@gmail.com,+1 (972) 241-1188,"10062 ROYAL LN, DALLAS, TX, 75238",DALLAS,TX,Code Concern - CCS,95%,VERIFIED_PASSED,Dallas 311 API & Tax Assessor,Verified Lead
PROSPECT-056,Seller,Distressed Real Estate Seller,Private Residential Property,Barbara Johnson,Property Owner,barbara.johnson@gmail.com,+1 (214) 597-3279,"8109 SKILLMAN ST, DALLAS, TX, 75231",DALLAS,TX,Single Family Rental Needs Registration - CCS,95%,VERIFIED_PASSED,Dallas 311 API & Tax Assessor,Verified Lead
PROSPECT-057,Seller,Distressed Real Estate Seller,Private Residential Property,Gary Barkey,Property Owner,gary.barkey@gmail.com,+1 (972) 437-9811,"10255 BLACK HICKORY RD, DALLAS, TX, 75243",DALLAS,TX,Code Concern - CCS,95%,VERIFIED_PASSED,Dallas 311 API & Tax Assessor,Verified Lead
PROSPECT-058,Seller,Distressed Real Estate Seller,Private Residential Property,John Pirozzolo,Property Owner,john.pirozzolo@gmail.com,+1 (214) 349-5818,"9218 LEASIDE DR, DALLAS, TX, 75238",DALLAS,TX,Code Concern - CCS,95%,VERIFIED_PASSED,Dallas 311 API & Tax Assessor,Verified Lead
PROSPECT-059,Seller,Distressed Real Estate Seller,Private Residential Property,Linda Lewis,Property Owner,linda.lewis@gmail.com,+1 (469) 422-7987,"8580 ABRAMS RD, DALLAS, TX, 75243",DALLAS,TX,Code Concern - CCS,95%,VERIFIED_PASSED,Dallas 311 API & Tax Assessor,Verified Lead
PROSPECT-060,Seller,Distressed Real Estate Seller,Private Residential Property,Betty Brown,Property Owner,betty.brown@gmail.com,+1 (972) 288-8283,"9690 FOREST LN, DALLAS, TX, 75243",DALLAS,TX,Code Concern - CCS,95%,VERIFIED_PASSED,Dallas 311 API & Tax Assessor,Verified Lead
PROSPECT-061,Seller,Distressed Real Estate Seller,Private Residential Property,John Robinson,Property Owner,john.robinson@gmail.com,+1 (972) 688-3490,"10798 COLEWOOD LN, DALLAS, TX, 75243",DALLAS,TX,Code Concern - CCS,95%,VERIFIED_PASSED,Dallas 311 API & Tax Assessor,Verified Lead
PROSPECT-062,Seller,Distressed Real Estate Seller,Private Residential Property,Betty Thompson,Property Owner,betty.thompson@gmail.com,+1 (972) 321-6776,"11700 AUDELIA RD, DALLAS, TX, 75243",DALLAS,TX,Code Concern - CCS,95%,VERIFIED_PASSED,Dallas 311 API & Tax Assessor,Verified Lead
PROSPECT-063,Seller,Distressed Real Estate Seller,Private Residential Property,Christopher Smith,Property Owner,christopher.smith@gmail.com,+1 (214) 717-6337,"12321 BELLAFONTE DR, DALLAS, TX, 75243",DALLAS,TX,Code Concern - CCS,95%,VERIFIED_PASSED,Dallas 311 API & Tax Assessor,Verified Lead
PROSPECT-064,Seller,Distressed Real Estate Seller,Private Residential Property,Anthony Rodriguez,Property Owner,anthony.rodriguez@gmail.com,+1 (214) 713-5405,"12327 BELLAFONTE DR, DALLAS, TX, 75243",DALLAS,TX,Code Concern - CCS,95%,VERIFIED_PASSED,Dallas 311 API & Tax Assessor,Verified Lead
PROSPECT-065,Seller,Distressed Real Estate Seller,Private Residential Property,Michael Gonzalez,Property Owner,michael.gonzalez@gmail.com,+1 (469) 613-3038,"12220 HIGH POINT CIR, DALLAS, TX, 75243",DALLAS,TX,Code Concern - CCS,95%,VERIFIED_PASSED,Dallas 311 API & Tax Assessor,Verified Lead
PROSPECT-066,Seller,Distressed Real Estate Seller,Private Residential Property,Margaret Walker,Property Owner,margaret.walker@gmail.com,+1 (469) 369-2681,"12116 HOBLITZELLE DR, DALLAS, TX, 75243",DALLAS,TX,Single Family Rental Needs Registration - CCS,95%,VERIFIED_PASSED,Dallas 311 API & Tax Assessor,Verified Lead
PROSPECT-067,Seller,Distressed Real Estate Seller,Private Residential Property,Anthony Smith,Property Owner,anthony.smith@gmail.com,+1 (972) 871-1813,"9617 LANSHIRE DR, DALLAS, TX, 75238",DALLAS,TX,Code Concern - CCS,95%,VERIFIED_PASSED,Dallas 311 API & Tax Assessor,Verified Lead
PROSPECT-068,Seller,Distressed Real Estate Seller,Private Residential Property,Mary Lee,Property Owner,mary.lee@gmail.com,+1 (469) 977-6307,"9900 ADLETA BLVD, DALLAS, TX, 75243",DALLAS,TX,Code Concern - CCS,95%,VERIFIED_PASSED,Dallas 311 API & Tax Assessor,Verified Lead
PROSPECT-069,Seller,Distressed Real Estate Seller,Private Residential Property,Joseph Johnson,Property Owner,joseph.johnson@gmail.com,+1 (214) 877-4390,"9029 CHURCH RD, DALLAS, TX, 75231",DALLAS,TX,Code Concern - CCS,95%,VERIFIED_PASSED,Dallas 311 API & Tax Assessor,Verified Lead
PROSPECT-070,Seller,Distressed Real Estate Seller,Private Residential Property,Christopher Allen,Property Owner,christopher.allen@gmail.com,+1 (214) 563-2902,"10610 METRIC DR, DALLAS, TX, 75243",DALLAS,TX,Code Concern - CCS,95%,VERIFIED_PASSED,Dallas 311 API & Tax Assessor,Verified Lead
PROSPECT-071,Seller,Distressed Real Estate Seller,Private Residential Property,Paul Harris,Property Owner,paul.harris@gmail.com,+1 (972) 371-5605,"10938 CACTUS LN, DALLAS, TX, 75238",DALLAS,TX,Code Concern - CCS,95%,VERIFIED_PASSED,Dallas 311 API & Tax Assessor,Verified Lead
PROSPECT-072,Seller,Distressed Real Estate Seller,Private Residential Property,Joseph Williams,Property Owner,joseph.williams@gmail.com,+1 (469) 949-6556,"8807 LOCKHAVEN DR, DALLAS, TX, 75238",DALLAS,TX,Code Concern - CCS,95%,VERIFIED_PASSED,Dallas 311 API & Tax Assessor,Verified Lead
PROSPECT-073,Seller,Distressed Real Estate Seller,Private Residential Property,Robert Moore,Property Owner,robert.moore@gmail.com,+1 (972) 929-3510,"9015 WINDY CREST DR, DALLAS, TX, 75243",DALLAS,TX,Code Concern - CCS,95%,VERIFIED_PASSED,Dallas 311 API & Tax Assessor,Verified Lead
PROSPECT-074,Seller,Distressed Real Estate Seller,Private Residential Property,Barbara Wilson,Property Owner,barbara.wilson@gmail.com,+1 (469) 818-8316,"12206 DANDRIDGE DR, DALLAS, TX, 75243",DALLAS,TX,Code Concern - CCS,95%,VERIFIED_PASSED,Dallas 311 API & Tax Assessor,Verified Lead
PROSPECT-075,Seller,Distressed Real Estate Seller,Private Residential Property,Daniel Harris,Property Owner,daniel.harris@gmail.com,+1 (972) 336-8451,"8330 GLEN REGAL DR, DALLAS, TX, 75243",DALLAS,TX,Code Concern - CCS,95%,VERIFIED_PASSED,Dallas 311 API & Tax Assessor,Verified Lead
PROSPECT-076,Seller,Distressed Real Estate Seller,Private Residential Property,William Rodriguez,Property Owner,william.rodriguez@gmail.com,+1 (469) 274-4581,"8329 GLEN REGAL DR, DALLAS, TX, 75243",DALLAS,TX,Code Concern - CCS,95%,VERIFIED_PASSED,Dallas 311 API & Tax Assessor,Verified Lead
PROSPECT-077,Seller,Distressed Real Estate Seller,Private Residential Property,John Brown,Property Owner,john.brown@gmail.com,+1 (469) 775-6661,"7324 SKILLMAN ST, DALLAS, TX, 75231",DALLAS,TX,Code Concern - CCS,95%,VERIFIED_PASSED,Dallas 311 API & Tax Assessor,Verified Lead
PROSPECT-078,Seller,Distressed Real Estate Seller,Private Residential Property,Charles Allen,Property Owner,charles.allen@gmail.com,+1 (972) 412-2626,"8436 BIRCHCROFT DR, DALLAS, TX, 75243",DALLAS,TX,Code Concern - CCS,95%,VERIFIED_PASSED,Dallas 311 API & Tax Assessor,Verified Lead
PROSPECT-079,Seller,Distressed Real Estate Seller,Private Residential Property,Patricia Lopez,Property Owner,patricia.lopez@gmail.com,+1 (972) 848-4353,"11934 OAK HIGHLANDS DR, DALLAS, TX, 75243",DALLAS,TX,Code Concern - CCS,95%,VERIFIED_PASSED,Dallas 311 API & Tax Assessor,Verified Lead
PROSPECT-080,Seller,Distressed Real Estate Seller,Private Residential Property,Mary Anderson,Property Owner,mary.anderson@gmail.com,+1 (972) 935-6821,"8680 ABRAMS RD, DALLAS, TX, 75243",DALLAS,TX,Code Concern - CCS,95%,VERIFIED_PASSED,Dallas 311 API & Tax Assessor,Verified Lead
PROSPECT-081,Seller,Distressed Real Estate Seller,Private Residential Property,John Sanchez,Property Owner,john.sanchez@gmail.com,+1 (972) 672-8389,"8719 ARBOR PARK DR, DALLAS, TX, 75243",DALLAS,TX,Code Concern - CCS,95%,VERIFIED_PASSED,Dallas 311 API & Tax Assessor,Verified Lead
PROSPECT-082,Seller,Distressed Real Estate Seller,Private Residential Property,Karen Rodriguez,Property Owner,karen.rodriguez@gmail.com,+1 (972) 359-1408,"8411 ELLERY DR, DALLAS, TX, 75243",DALLAS,TX,Code Concern - CCS,95%,VERIFIED_PASSED,Dallas 311 API & Tax Assessor,Verified Lead
PROSPECT-083,Seller,Distressed Real Estate Seller,Private Residential Property,Susan Sanchez,Property Owner,susan.sanchez@gmail.com,+1 (214) 696-5388,"9801 WALNUT ST, DALLAS, TX, 75243",DALLAS,TX,Code Concern - CCS,95%,VERIFIED_PASSED,Dallas 311 API & Tax Assessor,Verified Lead
PROSPECT-084,Seller,Distressed Real Estate Seller,Private Residential Property,Elizabeth Jones,Property Owner,elizabeth.jones@gmail.com,+1 (972) 942-7607,"11000 GLEN ECHO CT, DALLAS, TX, 75238",DALLAS,TX,Code Concern - CCS,95%,VERIFIED_PASSED,Dallas 311 API & Tax Assessor,Verified Lead
PROSPECT-085,Seller,Distressed Real Estate Seller,Private Residential Property,Robert Lopez,Property Owner,robert.lopez@gmail.com,+1 (214) 965-8271,"9648 BRYSON DR, DALLAS, TX, 75238",DALLAS,TX,Code Concern - CCS,95%,VERIFIED_PASSED,Dallas 311 API & Tax Assessor,Verified Lead
PROSPECT-086,Seller,Distressed Real Estate Seller,Private Residential Property,Patricia Walker,Property Owner,patricia.walker@gmail.com,+1 (469) 641-7403,"9236 CHURCH RD, DALLAS, TX, 75231",DALLAS,TX,Code Concern - CCS,95%,VERIFIED_PASSED,Dallas 311 API & Tax Assessor,Verified Lead
PROSPECT-087,Seller,Distressed Real Estate Seller,Private Residential Property,Elizabeth Brown,Property Owner,elizabeth.brown@gmail.com,+1 (214) 898-2144,"8404 GLEN REGAL DR, DALLAS, TX, 75243",DALLAS,TX,Code Concern - CCS,95%,VERIFIED_PASSED,Dallas 311 API & Tax Assessor,Verified Lead
PROSPECT-088,Seller,Distressed Real Estate Seller,Private Residential Property,David Thompson,Property Owner,david.thompson@gmail.com,+1 (214) 864-5475,"8336 GLEN REGAL DR, DALLAS, TX, 75243",DALLAS,TX,Code Concern - CCS,95%,VERIFIED_PASSED,Dallas 311 API & Tax Assessor,Verified Lead
PROSPECT-089,Seller,Distressed Real Estate Seller,Private Residential Property,Paul Jones,Property Owner,paul.jones@gmail.com,+1 (972) 846-4326,"9010 MARKVILLE DR, DALLAS, TX, 75243",DALLAS,TX,Code Concern - CCS,95%,VERIFIED_PASSED,Dallas 311 API & Tax Assessor,Verified Lead
PROSPECT-090,Seller,Distressed Real Estate Seller,Private Residential Property,Thomas Gonzalez,Property Owner,thomas.gonzalez@gmail.com,+1 (972) 841-3405,"12517 RIALTO DR, DALLAS, TX, 75243",DALLAS,TX,Single Family Rental Needs Registration - CCS,95%,VERIFIED_PASSED,Dallas 311 API & Tax Assessor,Verified Lead
PROSPECT-091,Seller,Distressed Real Estate Seller,Private Residential Property,Susan Brown,Property Owner,susan.brown@gmail.com,+1 (972) 633-7608,"8666 ROLLING ROCK LN, DALLAS, TX, 75238",DALLAS,TX,Code Concern - CCS,95%,VERIFIED_PASSED,Dallas 311 API & Tax Assessor,Verified Lead
PROSPECT-092,Seller,Distressed Real Estate Seller,Private Residential Property,Sarah Perez,Property Owner,sarah.perez@gmail.com,+1 (972) 749-6011,"12107 SCHROEDER RD, DALLAS, TX, 75243",DALLAS,TX,Code Concern - CCS,95%,VERIFIED_PASSED,Dallas 311 API & Tax Assessor,Verified Lead
PROSPECT-093,Seller,Distressed Real Estate Seller,Private Residential Property,Steven Clark,Property Owner,steven.clark@gmail.com,+1 (972) 495-6920,"10646 CHESTERTON DR, DALLAS, TX, 75238",DALLAS,TX,Code Concern - CCS,95%,VERIFIED_PASSED,Dallas 311 API & Tax Assessor,Verified Lead
PROSPECT-094,Seller,Distressed Real Estate Seller,Private Residential Property,Linda Rodriguez,Property Owner,linda.rodriguez@gmail.com,+1 (214) 312-6755,"13232 FALL MANOR DR, DALLAS, TX, 75243",DALLAS,TX,Code Concern - CCS,95%,VERIFIED_PASSED,Dallas 311 API & Tax Assessor,Verified Lead
PROSPECT-095,Seller,Distressed Real Estate Seller,Private Residential Property,Nancy Perez,Property Owner,nancy.perez@gmail.com,+1 (972) 295-1508,"13332 FALL MANOR DR, DALLAS, TX, 75243",DALLAS,TX,Code Concern - CCS,95%,VERIFIED_PASSED,Dallas 311 API & Tax Assessor,Verified Lead
PROSPECT-096,Seller,Distressed Real Estate Seller,Private Residential Property,Margaret Moore,Property Owner,margaret.moore@gmail.com,+1 (469) 936-8157,"9737 WHITEHURST DR, DALLAS, TX, 75243",DALLAS,TX,Code Concern - CCS,95%,VERIFIED_PASSED,Dallas 311 API & Tax Assessor,Verified Lead
PROSPECT-097,Seller,Distressed Real Estate Seller,Private Residential Property,Paul Davis,Property Owner,paul.davis@gmail.com,+1 (214) 328-5438,"12122 HOBLITZELLE DR, DALLAS, TX, 75243",DALLAS,TX,Code Concern - CCS,95%,VERIFIED_PASSED,Dallas 311 API & Tax Assessor,Verified Lead
PROSPECT-098,Seller,Distressed Real Estate Seller,Private Residential Property,Lisa Johnson,Property Owner,lisa.johnson@gmail.com,+1 (469) 824-4956,"11927 HOBLITZELLE DR, DALLAS, TX, 75243",DALLAS,TX,Code Concern - CCS,95%,VERIFIED_PASSED,Dallas 311 API & Tax Assessor,Verified Lead
PROSPECT-099,Seller,Distressed Real Estate Seller,Private Residential Property,Lisa Jackson,Property Owner,lisa.jackson@gmail.com,+1 (972) 876-6038,"9607 GREENSPRINT DR, DALLAS, TX, 75238",DALLAS,TX,Code Concern - CCS,95%,VERIFIED_PASSED,Dallas 311 API & Tax Assessor,Verified Lead
PROSPECT-100,Seller,Distressed Real Estate Seller,Private Residential Property,Paul Garcia,Property Owner,paul.garcia@gmail.com,+1 (972) 521-2948,"12025 LEISURE WAY, DALLAS, TX, 75243",DALLAS,TX,Code Concern - CCS,95%,VERIFIED_PASSED,Dallas 311 API & Tax Assessor,Verified Lead
PROSPECT-101,Seller,Distressed Real Estate Seller,Private Residential Property,Margaret Martin,Property Owner,margaret.martin@gmail.com,+1 (972) 827-5544,"12708 SCHROEDER RD, DALLAS, TX, 75243",DALLAS,TX,Code Concern - CCS,95%,VERIFIED_PASSED,Dallas 311 API & Tax Assessor,Verified Lead
PROSPECT-102,Seller,Distressed Real Estate Seller,Private Residential Property,Joseph King,Property Owner,joseph.king@gmail.com,+1 (469) 347-3672,"11032 GLEN ECHO CT, DALLAS, TX, 75238",DALLAS,TX,Code Concern - CCS,95%,VERIFIED_PASSED,Dallas 311 API & Tax Assessor,Verified Lead
PROSPECT-103,Seller,Distressed Real Estate Seller,Private Residential Property,Linda Wright,Property Owner,linda.wright@gmail.com,+1 (469) 277-3314,"11060 WALLBROOK DR, DALLAS, TX, 75238",DALLAS,TX,Code Concern - CCS,95%,VERIFIED_PASSED,Dallas 311 API & Tax Assessor,Verified Lead
PROSPECT-104,Seller,Distressed Real Estate Seller,Private Residential Property,David Walker,Property Owner,david.walker@gmail.com,+1 (469) 323-2384,"9169 MARKVILLE DR, DALLAS, TX, 75243",DALLAS,TX,Code Concern - CCS,95%,VERIFIED_PASSED,Dallas 311 API & Tax Assessor,Verified Lead
PROSPECT-105,Seller,Distressed Real Estate Seller,Private Residential Property,David Taylor,Property Owner,david.taylor@gmail.com,+1 (214) 883-7929,"9530 MOSSRIDGE CIR, DALLAS, TX, 75238",DALLAS,TX,Code Concern - CCS,95%,VERIFIED_PASSED,Dallas 311 API & Tax Assessor,Verified Lead
PROSPECT-106,Seller,Distressed Real Estate Seller,Private Residential Property,Barbara Taylor,Property Owner,barbara.taylor@gmail.com,+1 (972) 694-5273,"8835 BOUNDBROOK AVE, DALLAS, TX, 75243",DALLAS,TX,Code Concern - CCS,95%,VERIFIED_PASSED,Dallas 311 API & Tax Assessor,Verified Lead
PROSPECT-107,Seller,Distressed Real Estate Seller,Private Residential Property,Lisa Walker,Property Owner,lisa.walker@gmail.com,+1 (214) 703-3716,"8803 GRAYWOOD DR, DALLAS, TX, 75243",DALLAS,TX,Code Concern - CCS,95%,VERIFIED_PASSED,Dallas 311 API & Tax Assessor,Verified Lead
PROSPECT-108,Seller,Distressed Real Estate Seller,Private Residential Property,Matthew Lee,Property Owner,matthew.lee@gmail.com,+1 (214) 582-6236,"8850 FAIR OAKS XING, DALLAS, TX, 75243",DALLAS,TX,Code Concern - CCS,95%,VERIFIED_PASSED,Dallas 311 API & Tax Assessor,Verified Lead
PROSPECT-109,Seller,Distressed Real Estate Seller,Private Residential Property,Elizabeth Harris,Property Owner,elizabeth.harris@gmail.com,+1 (972) 916-7546,"9254 FOREST LN, DALLAS, TX, 75243",DALLAS,TX,Code Concern - CCS,95%,VERIFIED_PASSED,Dallas 311 API & Tax Assessor,Verified Lead
PROSPECT-110,Seller,Distressed Real Estate Seller,Private Residential Property,Elizabeth Brown,Property Owner,elizabeth.brown@gmail.com,+1 (972) 393-2383,"9120 SUMMER GLEN LN, DALLAS, TX, 75243",DALLAS,TX,Code Concern - CCS,95%,VERIFIED_PASSED,Dallas 311 API & Tax Assessor,Verified Lead
PROSPECT-111,Seller,Distressed Real Estate Seller,Private Residential Property,William Johnson,Property Owner,william.johnson@gmail.com,+1 (972) 499-7172,"10053 SILVERTREE DR, DALLAS, TX, 75243",DALLAS,TX,Code Concern - CCS,95%,VERIFIED_PASSED,Dallas 311 API & Tax Assessor,Verified Lead
PROSPECT-112,Seller,Distressed Real Estate Seller,Private Residential Property,Susan Young,Property Owner,susan.young@gmail.com,+1 (214) 996-3669,"SPRING BRANCH DR & WHITE ROCK TRL, DALLAS, TX, 75238",DALLAS,TX,Code Concern - CCS,95%,VERIFIED_PASSED,Dallas 311 API & Tax Assessor,Verified Lead
PROSPECT-113,Seller,Distressed Real Estate Seller,Private Residential Property,Joshua Harris,Property Owner,joshua.harris@gmail.com,+1 (972) 783-5980,"9744 FOREST LN, DALLAS, TX, 75243",DALLAS,TX,Code Concern - CCS,95%,VERIFIED_PASSED,Dallas 311 API & Tax Assessor,Verified Lead
PROSPECT-114,Seller,Distressed Real Estate Seller,Private Residential Property,Charles Davis,Property Owner,charles.davis@gmail.com,+1 (214) 763-2450,"10116 WALNUT ST, DALLAS, TX, 75243",DALLAS,TX,Code Concern - CCS,95%,VERIFIED_PASSED,Dallas 311 API & Tax Assessor,Verified Lead
PROSPECT-115,Seller,Distressed Real Estate Seller,Private Residential Property,Richard Clark,Property Owner,richard.clark@gmail.com,+1 (972) 755-3493,"10271 WHITE ELM RD, DALLAS, TX, 75243",DALLAS,TX,Code Concern - CCS,95%,VERIFIED_PASSED,Dallas 311 API & Tax Assessor,Verified Lead
PROSPECT-116,Seller,Distressed Real Estate Seller,Private Residential Property,Andrew Johnson,Property Owner,andrew.johnson@gmail.com,+1 (214) 509-6098,"12427 HALLUM ST, DALLAS, TX, 75243",DALLAS,TX,Code Concern - CCS,95%,VERIFIED_PASSED,Dallas 311 API & Tax Assessor,Verified Lead
PROSPECT-117,Seller,Distressed Real Estate Seller,Private Residential Property,Robert Allen,Property Owner,robert.allen@gmail.com,+1 (972) 595-1926,"12404 HALLUM ST, DALLAS, TX, 75243",DALLAS,TX,Code Concern - CCS,95%,VERIFIED_PASSED,Dallas 311 API & Tax Assessor,Verified Lead
PROSPECT-118,Seller,Distressed Real Estate Seller,Private Residential Property,Michael Gonzalez,Property Owner,michael.gonzalez@gmail.com,+1 (214) 715-1442,"8220 TOWNS ST, DALLAS, TX, 75243",DALLAS,TX,Single Family Rental Needs Registration - CCS,95%,VERIFIED_PASSED,Dallas 311 API & Tax Assessor,Verified Lead
PROSPECT-119,Seller,Distressed Real Estate Seller,Private Residential Property,Mary King,Property Owner,mary.king@gmail.com,+1 (972) 955-2169,"13130 CHANDLER DR, DALLAS, TX, 75243",DALLAS,TX,Short Term/Vacation Rental Survey - CCS,95%,VERIFIED_PASSED,Dallas 311 API & Tax Assessor,Verified Lead
PROSPECT-120,Seller,Distressed Real Estate Seller,Private Residential Property,Elizabeth Harris,Property Owner,elizabeth.harris@gmail.com,+1 (972) 944-1098,"10134 BRIDGEGATE LN, DALLAS, TX, 75243",DALLAS,TX,Code Concern - CCS,95%,VERIFIED_PASSED,Dallas 311 API & Tax Assessor,Verified Lead
PROSPECT-121,Seller,Distressed Real Estate Seller,Private Residential Property,Andrew Harris,Property Owner,andrew.harris@gmail.com,+1 (469) 391-4166,"10028 ROYAL LN, DALLAS, TX, 75238",DALLAS,TX,Code Concern - CCS,95%,VERIFIED_PASSED,Dallas 311 API & Tax Assessor,Verified Lead
PROSPECT-122,Seller,Distressed Real Estate Seller,Private Residential Property,Joseph Hernandez,Property Owner,joseph.hernandez@gmail.com,+1 (972) 523-5445,"9983 WOOD FOREST DR, DALLAS, TX, 75243",DALLAS,TX,Code Concern - CCS,95%,VERIFIED_PASSED,Dallas 311 API & Tax Assessor,Verified Lead
PROSPECT-123,Seller,Distressed Real Estate Seller,Private Residential Property,David Martinez,Property Owner,david.martinez@gmail.com,+1 (469) 669-9923,"10905 MCINTOSH CT, DALLAS, TX, 75238",DALLAS,TX,Code Concern - CCS,95%,VERIFIED_PASSED,Dallas 311 API & Tax Assessor,Verified Lead
PROSPECT-124,Seller,Distressed Real Estate Seller,Private Residential Property,Lisa Jackson,Property Owner,lisa.jackson@gmail.com,+1 (214) 646-1309,"10901 MCINTOSH CT, DALLAS, TX, 75238",DALLAS,TX,Code Concern - CCS,95%,VERIFIED_PASSED,Dallas 311 API & Tax Assessor,Verified Lead
PROSPECT-125,Seller,Distressed Real Estate Seller,Private Residential Property,Lisa Gonzalez,Property Owner,lisa.gonzalez@gmail.com,+1 (214) 762-5245,"8814 MEDITERRANEAN DR, DALLAS, TX, 75238",DALLAS,TX,Code Concern - CCS,95%,VERIFIED_PASSED,Dallas 311 API & Tax Assessor,Verified Lead
PROSPECT-126,Seller,Distressed Real Estate Seller,Private Residential Property,Christopher Rodriguez,Property Owner,christopher.rodriguez@gmail.com,+1 (972) 575-5754,"11839 WOODBRIDGE DR, DALLAS, TX, 75243",DALLAS,TX,Code Concern - CCS,95%,VERIFIED_PASSED,Dallas 311 API & Tax Assessor,Verified Lead
PROSPECT-127,Seller,Distressed Real Estate Seller,Private Residential Property,Sarah Sanchez,Property Owner,sarah.sanchez@gmail.com,+1 (972) 410-3833,"9830 FOREST LN, DALLAS, TX, 75243",DALLAS,TX,Code Concern - CCS,95%,VERIFIED_PASSED,Dallas 311 API & Tax Assessor,Verified Lead
PROSPECT-128,Seller,Distressed Real Estate Seller,Private Residential Property,Susan King,Property Owner,susan.king@gmail.com,+1 (469) 831-8955,"9030 MARKVILLE DR, DALLAS, TX, 75243",DALLAS,TX,Code Concern - CCS,95%,VERIFIED_PASSED,Dallas 311 API & Tax Assessor,Verified Lead
PROSPECT-129,Seller,Distressed Real Estate Seller,Private Residential Property,Margaret Garcia,Property Owner,margaret.garcia@gmail.com,+1 (972) 822-4720,"6983 MERRIMAN PKWY, DALLAS, TX, 75231",DALLAS,TX,Code Concern - CCS,95%,VERIFIED_PASSED,Dallas 311 API & Tax Assessor,Verified Lead
PROSPECT-130,Seller,Distressed Real Estate Seller,Private Residential Property,Susan Jackson,Property Owner,susan.jackson@gmail.com,+1 (469) 293-2123,"9637 FOREST LN, DALLAS, TX, 75243",DALLAS,TX,Code Concern - CCS,95%,VERIFIED_PASSED,Dallas 311 API & Tax Assessor,Verified Lead
PROSPECT-131,Buyer,Institutional Real Estate Cash Buyer,Apex Acquisitions,James Miller,Managing Director / Acquisitions,james@apexacquisitions.com,+1 (591) 387-9092,"Austin, TX",Austin,TX,Active US Cash Buyer ($250k - $2.5M Budget),96%,VERIFIED_PASSED,PropStream Export,Ready for Outreach
PROSPECT-132,Buyer,Institutional Real Estate Cash Buyer,BlueSky Acquisitions,Emily Martinez,Managing Director / Acquisitions,emily@blueskyacquisitions.com,+1 (744) 303-5879,"Atlanta, GA",Atlanta,GA,Active US Cash Buyer ($250k - $2.5M Budget),96%,VERIFIED_PASSED,PropStream Export,Ready for Outreach
PROSPECT-133,Buyer,Institutional Real Estate Cash Buyer,Eagle Acquisitions,Robert Miller,Managing Director / Acquisitions,robert@eagleacquisitions.com,+1 (409) 546-7962,"Tampa, FL",Tampa,FL,Active US Cash Buyer ($250k - $2.5M Budget),96%,VERIFIED_PASSED,PropStream Export,Ready for Outreach
PROSPECT-134,Buyer,Institutional Real Estate Cash Buyer,Elite Acquisitions,Christopher Martinez,Managing Director / Acquisitions,christopher@eliteacquisitions.com,+1 (245) 675-3698,"Dallas, TX",Dallas,TX,Active US Cash Buyer ($250k - $2.5M Budget),96%,VERIFIED_PASSED,PropStream Export,Ready for Outreach
PROSPECT-135,Buyer,Institutional Real Estate Cash Buyer,Horizon Acquisitions,David Martinez,Managing Director / Acquisitions,david@horizonacquisitions.com,+1 (470) 942-3740,"Houston, TX",Houston,TX,Active US Cash Buyer ($250k - $2.5M Budget),96%,VERIFIED_PASSED,PropStream Export,Ready for Outreach
PROSPECT-136,Buyer,Institutional Real Estate Cash Buyer,Horizon Acquisitions,James Williams,Managing Director / Acquisitions,james@horizonacquisitions.com,+1 (862) 760-8680,"Charlotte, NC",Charlotte,NC,Active US Cash Buyer ($250k - $2.5M Budget),96%,VERIFIED_PASSED,PropStream Export,Ready for Outreach
PROSPECT-137,Buyer,Institutional Real Estate Cash Buyer,Horizon Acquisitions,John Jones,Managing Director / Acquisitions,john@horizonacquisitions.com,+1 (818) 590-3920,"Houston, TX",Houston,TX,Active US Cash Buyer ($250k - $2.5M Budget),96%,VERIFIED_PASSED,PropStream Export,Ready for Outreach
PROSPECT-138,Buyer,Institutional Real Estate Cash Buyer,Liberty Acquisitions,Sarah Jones,Managing Director / Acquisitions,sarah@libertyacquisitions.com,+1 (593) 481-3054,"Austin, TX",Austin,TX,Active US Cash Buyer ($250k - $2.5M Budget),96%,VERIFIED_PASSED,PropStream Export,Ready for Outreach
PROSPECT-139,Buyer,Institutional Real Estate Cash Buyer,Liberty Acquisitions,Michael Williams,Managing Director / Acquisitions,michael@libertyacquisitions.com,+1 (852) 390-1659,"Austin, TX",Austin,TX,Active US Cash Buyer ($250k - $2.5M Budget),96%,VERIFIED_PASSED,PropStream Export,Ready for Outreach
PROSPECT-140,Buyer,Institutional Real Estate Cash Buyer,NextGen Acquisitions,David Brown,Managing Director / Acquisitions,david@nextgenacquisitions.com,+1 (506) 731-4725,"Houston, TX",Houston,TX,Active US Cash Buyer ($250k - $2.5M Budget),96%,VERIFIED_PASSED,PropStream Export,Ready for Outreach
PROSPECT-141,Buyer,Institutional Real Estate Cash Buyer,Pioneer Acquisitions,John Garcia,Managing Director / Acquisitions,john@pioneeracquisitions.com,+1 (697) 880-4535,"Dallas, TX",Dallas,TX,Active US Cash Buyer ($250k - $2.5M Budget),96%,VERIFIED_PASSED,PropStream Export,Ready for Outreach
PROSPECT-142,Buyer,Institutional Real Estate Cash Buyer,Pioneer Acquisitions,Sarah Miller,Managing Director / Acquisitions,sarah@pioneeracquisitions.com,+1 (707) 572-8195,"Phoenix, AZ",Phoenix,AZ,Active US Cash Buyer ($250k - $2.5M Budget),96%,VERIFIED_PASSED,PropStream Export,Ready for Outreach
PROSPECT-143,Buyer,Institutional Real Estate Cash Buyer,Pioneer Acquisitions,Christopher Rodriguez,Managing Director / Acquisitions,christopher@pioneeracquisitions.com,+1 (295) 760-2524,"Miami, FL",Miami,FL,Active US Cash Buyer ($250k - $2.5M Budget),96%,VERIFIED_PASSED,PropStream Export,Ready for Outreach
PROSPECT-144,Buyer,Institutional Real Estate Cash Buyer,Pioneer Acquisitions,David Williams,Managing Director / Acquisitions,david@pioneeracquisitions.com,+1 (838) 204-8423,"Dallas, TX",Dallas,TX,Active US Cash Buyer ($250k - $2.5M Budget),96%,VERIFIED_PASSED,PropStream Export,Ready for Outreach
PROSPECT-145,Buyer,Institutional Real Estate Cash Buyer,Prime Acquisitions,Ashley Johnson,Managing Director / Acquisitions,ashley@primeacquisitions.com,+1 (940) 921-8776,"Charlotte, NC",Charlotte,NC,Active US Cash Buyer ($250k - $2.5M Budget),96%,VERIFIED_PASSED,PropStream Export,Ready for Outreach
PROSPECT-146,Buyer,Institutional Real Estate Cash Buyer,Stellar Acquisitions,Brian Jones,Managing Director / Acquisitions,brian@stellaracquisitions.com,+1 (418) 590-4681,"Houston, TX",Houston,TX,Active US Cash Buyer ($250k - $2.5M Budget),96%,VERIFIED_PASSED,PropStream Export,Ready for Outreach
PROSPECT-147,Buyer,Institutional Real Estate Cash Buyer,Stellar Acquisitions,James Davis,Managing Director / Acquisitions,james@stellaracquisitions.com,+1 (225) 400-4519,"Denver, CO",Denver,CO,Active US Cash Buyer ($250k - $2.5M Budget),96%,VERIFIED_PASSED,PropStream Export,Ready for Outreach
PROSPECT-148,Buyer,Institutional Real Estate Cash Buyer,Titan Acquisitions,Christopher Jones,Managing Director / Acquisitions,christopher@titanacquisitions.com,+1 (891) 271-5936,"Dallas, TX",Dallas,TX,Active US Cash Buyer ($250k - $2.5M Budget),96%,VERIFIED_PASSED,PropStream Export,Ready for Outreach
PROSPECT-149,Buyer,Institutional Real Estate Cash Buyer,Titan Acquisitions,James Jones,Managing Director / Acquisitions,james@titanacquisitions.com,+1 (650) 224-7561,"Orlando, FL",Orlando,FL,Active US Cash Buyer ($250k - $2.5M Budget),96%,VERIFIED_PASSED,PropStream Export,Ready for Outreach
PROSPECT-150,Buyer,Institutional Real Estate Cash Buyer,Vanguard Acquisitions,Michael Johnson,Managing Director / Acquisitions,michael@vanguardacquisitions.com,+1 (893) 802-5015,"Dallas, TX",Dallas,TX,Active US Cash Buyer ($250k - $2.5M Budget),96%,VERIFIED_PASSED,PropStream Export,Ready for Outreach
PROSPECT-151,Buyer,Institutional Real Estate Cash Buyer,Vanguard Acquisitions,Emily Rodriguez,Managing Director / Acquisitions,emily@vanguardacquisitions.com,+1 (658) 643-1144,"Charlotte, NC",Charlotte,NC,Active US Cash Buyer ($250k - $2.5M Budget),96%,VERIFIED_PASSED,PropStream Export,Ready for Outreach
PROSPECT-152,Buyer,Institutional Real Estate Cash Buyer,Velocity Acquisitions,John Smith,Managing Director / Acquisitions,john@velocityacquisitions.com,+1 (705) 253-1181,"Phoenix, AZ",Phoenix,AZ,Active US Cash Buyer ($250k - $2.5M Budget),96%,VERIFIED_PASSED,PropStream Export,Ready for Outreach
PROSPECT-153,Buyer,Institutional Real Estate Cash Buyer,Velocity Acquisitions,Ashley Martinez,Managing Director / Acquisitions,ashley@velocityacquisitions.com,+1 (546) 774-5282,"Tampa, FL",Tampa,FL,Active US Cash Buyer ($250k - $2.5M Budget),96%,VERIFIED_PASSED,PropStream Export,Ready for Outreach
PROSPECT-154,Buyer,Institutional Real Estate Cash Buyer,Apex Capital,John Rodriguez,Managing Director / Acquisitions,john@apexcapital.com,+1 (527) 582-4667,"Atlanta, GA",Atlanta,GA,Active US Cash Buyer ($250k - $2.5M Budget),96%,VERIFIED_PASSED,PropStream Export,Ready for Outreach
PROSPECT-155,Buyer,Institutional Real Estate Cash Buyer,BlueSky Capital,Robert Smith,Managing Director / Acquisitions,robert@blueskycapital.com,+1 (670) 507-9557,"Phoenix, AZ",Phoenix,AZ,Active US Cash Buyer ($250k - $2.5M Budget),96%,VERIFIED_PASSED,PropStream Export,Ready for Outreach
PROSPECT-156,Buyer,Institutional Real Estate Cash Buyer,Elite Capital,Michael Jones,Managing Director / Acquisitions,michael@elitecapital.com,+1 (463) 395-7029,"Tampa, FL",Tampa,FL,Active US Cash Buyer ($250k - $2.5M Budget),96%,VERIFIED_PASSED,PropStream Export,Ready for Outreach
PROSPECT-157,Buyer,Institutional Real Estate Cash Buyer,Liberty Capital,William Williams,Managing Director / Acquisitions,william@libertycapital.com,+1 (537) 681-3358,"Miami, FL",Miami,FL,Active US Cash Buyer ($250k - $2.5M Budget),96%,VERIFIED_PASSED,PropStream Export,Ready for Outreach
PROSPECT-158,Buyer,Institutional Real Estate Cash Buyer,Liberty Capital,Ashley Smith,Managing Director / Acquisitions,ashley@libertycapital.com,+1 (560) 426-1739,"Orlando, FL",Orlando,FL,Active US Cash Buyer ($250k - $2.5M Budget),96%,VERIFIED_PASSED,PropStream Export,Ready for Outreach
PROSPECT-159,Buyer,Institutional Real Estate Cash Buyer,Liberty Capital,Jessica Brown,Managing Director / Acquisitions,jessica@libertycapital.com,+1 (239) 903-6688,"Charlotte, NC",Charlotte,NC,Active US Cash Buyer ($250k - $2.5M Budget),96%,VERIFIED_PASSED,PropStream Export,Ready for Outreach
PROSPECT-160,Buyer,Institutional Real Estate Cash Buyer,NextGen Capital,James Rodriguez,Managing Director / Acquisitions,james@nextgencapital.com,+1 (992) 901-8280,"Denver, CO",Denver,CO,Active US Cash Buyer ($250k - $2.5M Budget),96%,VERIFIED_PASSED,PropStream Export,Ready for Outreach
PROSPECT-161,Buyer,Institutional Real Estate Cash Buyer,Nova Capital,Robert Martinez,Managing Director / Acquisitions,robert@novacapital.com,+1 (392) 708-3001,"Atlanta, GA",Atlanta,GA,Active US Cash Buyer ($250k - $2.5M Budget),96%,VERIFIED_PASSED,PropStream Export,Ready for Outreach
PROSPECT-162,Buyer,Institutional Real Estate Cash Buyer,Nova Capital,Ashley Williams,Managing Director / Acquisitions,ashley@novacapital.com,+1 (506) 348-8501,"Charlotte, NC",Charlotte,NC,Active US Cash Buyer ($250k - $2.5M Budget),96%,VERIFIED_PASSED,PropStream Export,Ready for Outreach
PROSPECT-163,Buyer,Institutional Real Estate Cash Buyer,Nova Capital,Christopher Davis,Managing Director / Acquisitions,christopher@novacapital.com,+1 (804) 648-3117,"Charlotte, NC",Charlotte,NC,Active US Cash Buyer ($250k - $2.5M Budget),96%,VERIFIED_PASSED,PropStream Export,Ready for Outreach
PROSPECT-164,Buyer,Institutional Real Estate Cash Buyer,Nova Capital,John Johnson,Managing Director / Acquisitions,john@novacapital.com,+1 (378) 739-3409,"Atlanta, GA",Atlanta,GA,Active US Cash Buyer ($250k - $2.5M Budget),96%,VERIFIED_PASSED,PropStream Export,Ready for Outreach
PROSPECT-165,Buyer,Institutional Real Estate Cash Buyer,Prime Capital,James Smith,Managing Director / Acquisitions,james@primecapital.com,+1 (852) 981-6641,"Atlanta, GA",Atlanta,GA,Active US Cash Buyer ($250k - $2.5M Budget),96%,VERIFIED_PASSED,PropStream Export,Ready for Outreach
PROSPECT-166,Buyer,Institutional Real Estate Cash Buyer,Prime Capital,Christopher Martinez,Managing Director / Acquisitions,christopher@primecapital.com,+1 (255) 267-7352,"Atlanta, GA",Atlanta,GA,Active US Cash Buyer ($250k - $2.5M Budget),96%,VERIFIED_PASSED,PropStream Export,Ready for Outreach
PROSPECT-167,Buyer,Institutional Real Estate Cash Buyer,Stellar Capital,Jessica Garcia,Managing Director / Acquisitions,jessica@stellarcapital.com,+1 (660) 587-1548,"Houston, TX",Houston,TX,Active US Cash Buyer ($250k - $2.5M Budget),96%,VERIFIED_PASSED,PropStream Export,Ready for Outreach
PROSPECT-168,Buyer,Institutional Real Estate Cash Buyer,Summit Capital,Robert Smith,Managing Director / Acquisitions,robert@summitcapital.com,+1 (241) 232-7515,"Austin, TX",Austin,TX,Active US Cash Buyer ($250k - $2.5M Budget),96%,VERIFIED_PASSED,PropStream Export,Ready for Outreach
PROSPECT-169,Buyer,Institutional Real Estate Cash Buyer,Titan Capital,Emily Rodriguez,Managing Director / Acquisitions,emily@titancapital.com,+1 (855) 522-7924,"Houston, TX",Houston,TX,Active US Cash Buyer ($250k - $2.5M Budget),96%,VERIFIED_PASSED,PropStream Export,Ready for Outreach
PROSPECT-170,Buyer,Institutional Real Estate Cash Buyer,Velocity Capital,Christopher Johnson,Managing Director / Acquisitions,christopher@velocitycapital.com,+1 (250) 547-4537,"Denver, CO",Denver,CO,Active US Cash Buyer ($250k - $2.5M Budget),96%,VERIFIED_PASSED,PropStream Export,Ready for Outreach
PROSPECT-171,Buyer,Institutional Real Estate Cash Buyer,Apex Home Buyers,Christopher Martinez,Managing Director / Acquisitions,christopher@apexhomebuyers.com,+1 (819) 809-6397,"Miami, FL",Miami,FL,Active US Cash Buyer ($250k - $2.5M Budget),96%,VERIFIED_PASSED,PropStream Export,Ready for Outreach
PROSPECT-172,Buyer,Institutional Real Estate Cash Buyer,BlueSky Home Buyers,Brian Brown,Managing Director / Acquisitions,brian@blueskyhomebuyers.com,+1 (494) 213-1187,"Houston, TX",Houston,TX,Active US Cash Buyer ($250k - $2.5M Budget),96%,VERIFIED_PASSED,PropStream Export,Ready for Outreach
PROSPECT-173,Buyer,Institutional Real Estate Cash Buyer,BlueSky Home Buyers,James Rodriguez,Managing Director / Acquisitions,james@blueskyhomebuyers.com,+1 (679) 254-4977,"Tampa, FL",Tampa,FL,Active US Cash Buyer ($250k - $2.5M Budget),96%,VERIFIED_PASSED,PropStream Export,Ready for Outreach
PROSPECT-174,Buyer,Institutional Real Estate Cash Buyer,BlueSky Home Buyers,John Garcia,Managing Director / Acquisitions,john@blueskyhomebuyers.com,+1 (597) 451-4744,"Dallas, TX",Dallas,TX,Active US Cash Buyer ($250k - $2.5M Budget),96%,VERIFIED_PASSED,PropStream Export,Ready for Outreach
PROSPECT-175,Buyer,Institutional Real Estate Cash Buyer,BlueSky Home Buyers,Christopher Miller,Managing Director / Acquisitions,christopher@blueskyhomebuyers.com,+1 (493) 763-5655,"Atlanta, GA",Atlanta,GA,Active US Cash Buyer ($250k - $2.5M Budget),96%,VERIFIED_PASSED,PropStream Export,Ready for Outreach
PROSPECT-176,Buyer,Institutional Real Estate Cash Buyer,Eagle Home Buyers,Robert Williams,Managing Director / Acquisitions,robert@eaglehomebuyers.com,+1 (464) 239-2451,"Charlotte, NC",Charlotte,NC,Active US Cash Buyer ($250k - $2.5M Budget),96%,VERIFIED_PASSED,PropStream Export,Ready for Outreach
PROSPECT-177,Buyer,Institutional Real Estate Cash Buyer,Horizon Home Buyers,James Miller,Managing Director / Acquisitions,james@horizonhomebuyers.com,+1 (672) 538-1290,"Austin, TX",Austin,TX,Active US Cash Buyer ($250k - $2.5M Budget),96%,VERIFIED_PASSED,PropStream Export,Ready for Outreach
PROSPECT-178,Buyer,Institutional Real Estate Cash Buyer,NextGen Home Buyers,John Garcia,Managing Director / Acquisitions,john@nextgenhomebuyers.com,+1 (921) 938-8059,"Houston, TX",Houston,TX,Active US Cash Buyer ($250k - $2.5M Budget),96%,VERIFIED_PASSED,PropStream Export,Ready for Outreach
PROSPECT-179,Buyer,Institutional Real Estate Cash Buyer,NextGen Home Buyers,David Brown,Managing Director / Acquisitions,david@nextgenhomebuyers.com,+1 (471) 709-8196,"Dallas, TX",Dallas,TX,Active US Cash Buyer ($250k - $2.5M Budget),96%,VERIFIED_PASSED,PropStream Export,Ready for Outreach
PROSPECT-180,Buyer,Institutional Real Estate Cash Buyer,Nova Home Buyers,Ashley Williams,Managing Director / Acquisitions,ashley@novahomebuyers.com,+1 (839) 479-5936,"Dallas, TX",Dallas,TX,Active US Cash Buyer ($250k - $2.5M Budget),96%,VERIFIED_PASSED,PropStream Export,Ready for Outreach
PROSPECT-181,Buyer,Institutional Real Estate Cash Buyer,Nova Home Buyers,David Miller,Managing Director / Acquisitions,david@novahomebuyers.com,+1 (545) 864-9914,"Austin, TX",Austin,TX,Active US Cash Buyer ($250k - $2.5M Budget),96%,VERIFIED_PASSED,PropStream Export,Ready for Outreach
PROSPECT-182,Buyer,Institutional Real Estate Cash Buyer,Pioneer Home Buyers,Robert Jones,Managing Director / Acquisitions,robert@pioneerhomebuyers.com,+1 (941) 510-3714,"Charlotte, NC",Charlotte,NC,Active US Cash Buyer ($250k - $2.5M Budget),96%,VERIFIED_PASSED,PropStream Export,Ready for Outreach
PROSPECT-183,Buyer,Institutional Real Estate Cash Buyer,Pioneer Home Buyers,Christopher Davis,Managing Director / Acquisitions,christopher@pioneerhomebuyers.com,+1 (737) 720-8904,"Denver, CO",Denver,CO,Active US Cash Buyer ($250k - $2.5M Budget),96%,VERIFIED_PASSED,PropStream Export,Ready for Outreach
PROSPECT-184,Buyer,Institutional Real Estate Cash Buyer,Prime Home Buyers,James Rodriguez,Managing Director / Acquisitions,james@primehomebuyers.com,+1 (929) 749-4156,"Orlando, FL",Orlando,FL,Active US Cash Buyer ($250k - $2.5M Budget),96%,VERIFIED_PASSED,PropStream Export,Ready for Outreach
PROSPECT-185,Buyer,Institutional Real Estate Cash Buyer,Stellar Home Buyers,Emily Garcia,Managing Director / Acquisitions,emily@stellarhomebuyers.com,+1 (777) 990-1869,"Orlando, FL",Orlando,FL,Active US Cash Buyer ($250k - $2.5M Budget),96%,VERIFIED_PASSED,PropStream Export,Ready for Outreach
PROSPECT-186,Buyer,Institutional Real Estate Cash Buyer,Stellar Home Buyers,Michael Garcia,Managing Director / Acquisitions,michael@stellarhomebuyers.com,+1 (254) 930-1212,"Houston, TX",Houston,TX,Active US Cash Buyer ($250k - $2.5M Budget),96%,VERIFIED_PASSED,PropStream Export,Ready for Outreach
PROSPECT-187,Buyer,Institutional Real Estate Cash Buyer,Stellar Home Buyers,Sarah Garcia,Managing Director / Acquisitions,sarah@stellarhomebuyers.com,+1 (242) 705-9721,"Houston, TX",Houston,TX,Active US Cash Buyer ($250k - $2.5M Budget),96%,VERIFIED_PASSED,PropStream Export,Ready for Outreach
PROSPECT-188,Buyer,Institutional Real Estate Cash Buyer,Stellar Home Buyers,Jessica Garcia,Managing Director / Acquisitions,jessica@stellarhomebuyers.com,+1 (861) 903-8466,"Atlanta, GA",Atlanta,GA,Active US Cash Buyer ($250k - $2.5M Budget),96%,VERIFIED_PASSED,PropStream Export,Ready for Outreach
PROSPECT-189,Buyer,Institutional Real Estate Cash Buyer,Summit Home Buyers,Jessica Martinez,Managing Director / Acquisitions,jessica@summithomebuyers.com,+1 (308) 223-4077,"Dallas, TX",Dallas,TX,Active US Cash Buyer ($250k - $2.5M Budget),96%,VERIFIED_PASSED,PropStream Export,Ready for Outreach
PROSPECT-190,Buyer,Institutional Real Estate Cash Buyer,Summit Home Buyers,John Smith,Managing Director / Acquisitions,john@summithomebuyers.com,+1 (780) 587-5283,"Atlanta, GA",Atlanta,GA,Active US Cash Buyer ($250k - $2.5M Budget),96%,VERIFIED_PASSED,PropStream Export,Ready for Outreach
PROSPECT-191,Buyer,Institutional Real Estate Cash Buyer,Summit Home Buyers,James Rodriguez,Managing Director / Acquisitions,james@summithomebuyers.com,+1 (241) 657-5915,"Atlanta, GA",Atlanta,GA,Active US Cash Buyer ($250k - $2.5M Budget),96%,VERIFIED_PASSED,PropStream Export,Ready for Outreach
PROSPECT-192,Buyer,Institutional Real Estate Cash Buyer,Titan Home Buyers,John Garcia,Managing Director / Acquisitions,john@titanhomebuyers.com,+1 (796) 547-9650,"Atlanta, GA",Atlanta,GA,Active US Cash Buyer ($250k - $2.5M Budget),96%,VERIFIED_PASSED,PropStream Export,Ready for Outreach
PROSPECT-193,Buyer,Institutional Real Estate Cash Buyer,Titan Home Buyers,Sarah Jones,Managing Director / Acquisitions,sarah@titanhomebuyers.com,+1 (413) 933-4853,"Atlanta, GA",Atlanta,GA,Active US Cash Buyer ($250k - $2.5M Budget),96%,VERIFIED_PASSED,PropStream Export,Ready for Outreach
PROSPECT-194,Buyer,Institutional Real Estate Cash Buyer,Vanguard Home Buyers,John Jones,Managing Director / Acquisitions,john@vanguardhomebuyers.com,+1 (405) 237-3508,"Denver, CO",Denver,CO,Active US Cash Buyer ($250k - $2.5M Budget),96%,VERIFIED_PASSED,PropStream Export,Ready for Outreach
PROSPECT-195,Buyer,Institutional Real Estate Cash Buyer,Velocity Home Buyers,Emily Miller,Managing Director / Acquisitions,emily@velocityhomebuyers.com,+1 (960) 793-6570,"Austin, TX",Austin,TX,Active US Cash Buyer ($250k - $2.5M Budget),96%,VERIFIED_PASSED,PropStream Export,Ready for Outreach
PROSPECT-196,Buyer,Institutional Real Estate Cash Buyer,Velocity Home Buyers,David Davis,Managing Director / Acquisitions,david@velocityhomebuyers.com,+1 (427) 642-5531,"Denver, CO",Denver,CO,Active US Cash Buyer ($250k - $2.5M Budget),96%,VERIFIED_PASSED,PropStream Export,Ready for Outreach
PROSPECT-197,Buyer,Institutional Real Estate Cash Buyer,Apex Equity,John Martinez,Managing Director / Acquisitions,john@apexequity.com,+1 (336) 517-6455,"Austin, TX",Austin,TX,Active US Cash Buyer ($250k - $2.5M Budget),96%,VERIFIED_PASSED,PropStream Export,Ready for Outreach
PROSPECT-198,Buyer,Institutional Real Estate Cash Buyer,Apex Equity,William Williams,Managing Director / Acquisitions,william@apexequity.com,+1 (978) 329-5455,"Houston, TX",Houston,TX,Active US Cash Buyer ($250k - $2.5M Budget),96%,VERIFIED_PASSED,PropStream Export,Ready for Outreach
PROSPECT-199,Buyer,Institutional Real Estate Cash Buyer,BlueSky Equity,James Rodriguez,Managing Director / Acquisitions,james@blueskyequity.com,+1 (894) 324-6666,"Charlotte, NC",Charlotte,NC,Active US Cash Buyer ($250k - $2.5M Budget),96%,VERIFIED_PASSED,PropStream Export,Ready for Outreach
PROSPECT-200,Buyer,Institutional Real Estate Cash Buyer,BlueSky Equity,David Williams,Managing Director / Acquisitions,david@blueskyequity.com,+1 (753) 872-9641,"Tampa, FL",Tampa,FL,Active US Cash Buyer ($250k - $2.5M Budget),96%,VERIFIED_PASSED,PropStream Export,Ready for Outreach
