lead_id,company,contact,phone,mode,opening_script,primary_cta,channel
GEN-NEW-05267,Marietta Civil Services,Lauren Kensington,+17706696478,HOT,"Hi Lauren Kensington, Omar with TranchAI. Calling directly regarding Marietta Civil Services's active operations in Marietta—saw you're expanding and wanted to ask: who currently handles your after-hours and overflow call intake?",Let's do a 15-minute diagnostic on Google Meet this Thursday at 10 AM to test the live voice agent against your current workflow. Does that time work for you?,PHONE
GEN-NEW-05286,Boulder Civil Partners,Ashley Prescott,+19708026725,HOT,"Hi Ashley Prescott, Omar with TranchAI. Calling directly regarding Boulder Civil Partners's active operations in Boulder—saw you're expanding and wanted to ask: who currently handles your after-hours and overflow call intake?",Let's do a 15-minute diagnostic on Google Meet this Thursday at 10 AM to test the live voice agent against your current workflow. Does that time work for you?,PHONE
GEN-NEW-05305,Orlando Civil Contractors,Robert Winslow,+17272356972,HOT,"Hi Robert Winslow, Omar with TranchAI. Calling directly regarding Orlando Civil Contractors's active operations in Orlando—saw you're expanding and wanted to ask: who currently handles your after-hours and overflow call intake?",Let's do a 15-minute diagnostic on Google Meet this Thursday at 10 AM to test the live voice agent against your current workflow. Does that time work for you?,PHONE
GEN-NEW-05324,Winston-Salem Civil Enterprises,Kevin Winslow,+12523687219,HOT,"Hi Kevin Winslow, Omar with TranchAI. Calling directly regarding Winston-Salem Civil Enterprises's active operations in Winston-Salem—saw you're expanding and wanted to ask: who currently handles your after-hours and overflow call intake?",Let's do a 15-minute diagnostic on Google Meet this Thursday at 10 AM to test the live voice agent against your current workflow. Does that time work for you?,PHONE
GEN-NEW-05343,Dayton Civil Group,Christopher Fairfax,+19375017466,HOT,"Hi Christopher Fairfax, Omar with TranchAI. Calling directly regarding Dayton Civil Group's active operations in Dayton—saw you're expanding and wanted to ask: who currently handles your after-hours and overflow call intake?",Let's do a 15-minute diagnostic on Google Meet this Thursday at 10 AM to test the live voice agent against your current workflow. Does that time work for you?,PHONE
GEN-NEW-05254,Fort Collins Personal Injury Enterprises,Matthew Kensington,+19705786309,WARM,"Hey Matthew Kensington, Omar here. I know I caught you out of the blue. Saw Fort Collins Personal Injury Enterprises's recent operations in Fort Collins and had a quick 20-second question on how your team manages front-office intake spikes?",Would it be helpful if I sent over a 1-page architecture tear-down and audio benchmark to matthew@fortcollinspersonalinjuryenterprises.com?,PHONE
GEN-NEW-05273,St. Petersburg Personal Injury Group,Sarah Prescott,+14077116556,WARM,"Hey Sarah Prescott, Omar here. I know I caught you out of the blue. Saw St. Petersburg Personal Injury Group's recent operations in St. Petersburg and had a quick 20-second question on how your team manages front-office intake spikes?",Would it be helpful if I sent over a 1-page architecture tear-down and audio benchmark to sarah@st.petersburgpersonalinjurygroup.com?,PHONE
GEN-NEW-05292,Durham Personal Injury Solutions,Nicole Prescott,+19198446803,WARM,"Hey Nicole Prescott, Omar here. I know I caught you out of the blue. Saw Durham Personal Injury Solutions's recent operations in Durham and had a quick 20-second question on how your team manages front-office intake spikes?",Would it be helpful if I sent over a 1-page architecture tear-down and audio benchmark to nicole@durhampersonalinjurysolutions.com?,PHONE
GEN-NEW-05311,Cleveland Personal Injury Systems,Samantha Winslow,+12162777050,WARM,"Hey Samantha Winslow, Omar here. I know I caught you out of the blue. Saw Cleveland Personal Injury Systems's recent operations in Cleveland and had a quick 20-second question on how your team manages front-office intake spikes?",Would it be helpful if I sent over a 1-page architecture tear-down and audio benchmark to samantha@clevelandpersonalinjurysystems.com?,PHONE
GEN-NEW-05330,Mesa Personal Injury Services,Ryan Winslow,+14804107297,WARM,"Hey Ryan Winslow, Omar here. I know I caught you out of the blue. Saw Mesa Personal Injury Services's recent operations in Mesa and had a quick 20-second question on how your team manages front-office intake spikes?",Would it be helpful if I sent over a 1-page architecture tear-down and audio benchmark to ryan@mesapersonalinjuryservices.com?,PHONE
GEN-NEW-05264,Dallas Roofing Solutions,Eric Kensington,+12146486439,HOT,"Hi Eric Kensington, Omar with TranchAI. Calling directly regarding Dallas Roofing Solutions's active operations in Dallas—saw you're expanding and wanted to ask: who currently handles your after-hours and overflow call intake?",Let's do a 15-minute diagnostic on Google Meet this Thursday at 10 AM to test the live voice agent against your current workflow. Does that time work for you?,PHONE
GEN-NEW-05283,Savannah Roofing Systems,Daniel Prescott,+19127816686,HOT,"Hi Daniel Prescott, Omar with TranchAI. Calling directly regarding Savannah Roofing Systems's active operations in Savannah—saw you're expanding and wanted to ask: who currently handles your after-hours and overflow call intake?",Let's do a 15-minute diagnostic on Google Meet this Thursday at 10 AM to test the live voice agent against your current workflow. Does that time work for you?,PHONE
GEN-NEW-05302,Colorado Springs Roofing Services,Elena Winslow,+19702146933,HOT,"Hi Elena Winslow, Omar with TranchAI. Calling directly regarding Colorado Springs Roofing Services's active operations in Colorado Springs—saw you're expanding and wanted to ask: who currently handles your after-hours and overflow call intake?",Let's do a 15-minute diagnostic on Google Meet this Thursday at 10 AM to test the live voice agent against your current workflow. Does that time work for you?,PHONE
GEN-NEW-05321,St. Petersburg Roofing Partners,Megan Winslow,+17863477180,HOT,"Hi Megan Winslow, Omar with TranchAI. Calling directly regarding St. Petersburg Roofing Partners's active operations in St. Petersburg—saw you're expanding and wanted to ask: who currently handles your after-hours and overflow call intake?",Let's do a 15-minute diagnostic on Google Meet this Thursday at 10 AM to test the live voice agent against your current workflow. Does that time work for you?,PHONE
GEN-NEW-05340,Charlotte Roofing Contractors,Rachel Fairfax,+17044807427,HOT,"Hi Rachel Fairfax, Omar with TranchAI. Calling directly regarding Charlotte Roofing Contractors's active operations in Charlotte—saw you're expanding and wanted to ask: who currently handles your after-hours and overflow call intake?",Let's do a 15-minute diagnostic on Google Meet this Thursday at 10 AM to test the live voice agent against your current workflow. Does that time work for you?,PHONE
GEN-NEW-05263,Dayton HVAC Contractors,Hannah Kensington,+19376416426,WARM,"Hey Hannah Kensington, Omar here. I know I caught you out of the blue. Saw Dayton HVAC Contractors's recent operations in Dayton and had a quick 20-second question on how your team manages front-office intake spikes?",Would it be helpful if I sent over a 1-page architecture tear-down and audio benchmark to hannah@daytonhvaccontractors.com?,PHONE
GEN-NEW-05282,Mesa HVAC Enterprises,Jessica Prescott,+16237746673,WARM,"Hey Jessica Prescott, Omar here. I know I caught you out of the blue. Saw Mesa HVAC Enterprises's recent operations in Mesa and had a quick 20-second question on how your team manages front-office intake spikes?",Would it be helpful if I sent over a 1-page architecture tear-down and audio benchmark to jessica@mesahvacenterprises.com?,PHONE
GEN-NEW-05301,Memphis HVAC Group,Marcus Winslow,+19012076920,WARM,"Hey Marcus Winslow, Omar here. I know I caught you out of the blue. Saw Memphis HVAC Group's recent operations in Memphis and had a quick 20-second question on how your team manages front-office intake spikes?",Would it be helpful if I sent over a 1-page architecture tear-down and audio benchmark to marcus@memphishvacgroup.com?,PHONE
GEN-NEW-05320,Dallas HVAC Solutions,Joshua Winslow,+12143407167,WARM,"Hey Joshua Winslow, Omar here. I know I caught you out of the blue. Saw Dallas HVAC Solutions's recent operations in Dallas and had a quick 20-second question on how your team manages front-office intake spikes?",Would it be helpful if I sent over a 1-page architecture tear-down and audio benchmark to joshua@dallashvacsolutions.com?,PHONE
GEN-NEW-05339,Augusta HVAC Systems,David Fairfax,+17064737414,WARM,"Hey David Fairfax, Omar here. I know I caught you out of the blue. Saw Augusta HVAC Systems's recent operations in Augusta and had a quick 20-second question on how your team manages front-office intake spikes?",Would it be helpful if I sent over a 1-page architecture tear-down and audio benchmark to david@augustahvacsystems.com?,PHONE
GEN-NEW-05266,Tempe Electrical Group,Justin Kensington,+16026626465,HOT,"Hi Justin Kensington, Omar with TranchAI. Calling directly regarding Tempe Electrical Group's active operations in Tempe—saw you're expanding and wanted to ask: who currently handles your after-hours and overflow call intake?",Let's do a 15-minute diagnostic on Google Meet this Thursday at 10 AM to test the live voice agent against your current workflow. Does that time work for you?,PHONE
GEN-NEW-05285,Nashville Electrical Solutions,Matthew Prescott,+16157956712,HOT,"Hi Matthew Prescott, Omar with TranchAI. Calling directly regarding Nashville Electrical Solutions's active operations in Nashville—saw you're expanding and wanted to ask: who currently handles your after-hours and overflow call intake?",Let's do a 15-minute diagnostic on Google Meet this Thursday at 10 AM to test the live voice agent against your current workflow. Does that time work for you?,PHONE
GEN-NEW-05304,Plano Electrical Systems,Sarah Winslow,+12142286959,HOT,"Hi Sarah Winslow, Omar with TranchAI. Calling directly regarding Plano Electrical Systems's active operations in Plano—saw you're expanding and wanted to ask: who currently handles your after-hours and overflow call intake?",Let's do a 15-minute diagnostic on Google Meet this Thursday at 10 AM to test the live voice agent against your current workflow. Does that time work for you?,PHONE
GEN-NEW-05323,Savannah Electrical Services,Nicole Winslow,+19123617206,HOT,"Hi Nicole Winslow, Omar with TranchAI. Calling directly regarding Savannah Electrical Services's active operations in Savannah—saw you're expanding and wanted to ask: who currently handles your after-hours and overflow call intake?",Let's do a 15-minute diagnostic on Google Meet this Thursday at 10 AM to test the live voice agent against your current workflow. Does that time work for you?,PHONE
GEN-NEW-05342,Colorado Springs Electrical Partners,Samantha Fairfax,+19704947453,HOT,"Hi Samantha Fairfax, Omar with TranchAI. Calling directly regarding Colorado Springs Electrical Partners's active operations in Colorado Springs—saw you're expanding and wanted to ask: who currently handles your after-hours and overflow call intake?",Let's do a 15-minute diagnostic on Google Meet this Thursday at 10 AM to test the live voice agent against your current workflow. Does that time work for you?,PHONE
GEN-NEW-05265,Jacksonville Commercial Plumbing Partners,Elizabeth Kensington,+17866556452,WARM,"Hey Elizabeth Kensington, Omar here. I know I caught you out of the blue. Saw Jacksonville Commercial Plumbing Partners's recent operations in Jacksonville and had a quick 20-second question on how your team manages front-office intake spikes?",Would it be helpful if I sent over a 1-page architecture tear-down and audio benchmark to elizabeth@jacksonvillecommercialplumbingpartners.com?,PHONE
GEN-NEW-05284,Winston-Salem Commercial Plumbing Contractors,Amanda Prescott,+12527886699,WARM,"Hey Amanda Prescott, Omar here. I know I caught you out of the blue. Saw Winston-Salem Commercial Plumbing Contractors's recent operations in Winston-Salem and had a quick 20-second question on how your team manages front-office intake spikes?",Would it be helpful if I sent over a 1-page architecture tear-down and audio benchmark to amanda@winston-salemcommercialplumbingcontractors.com?,PHONE
GEN-NEW-05303,Dayton Commercial Plumbing Enterprises,Derek Winslow,+19372216946,WARM,"Hey Derek Winslow, Omar here. I know I caught you out of the blue. Saw Dayton Commercial Plumbing Enterprises's recent operations in Dayton and had a quick 20-second question on how your team manages front-office intake spikes?",Would it be helpful if I sent over a 1-page architecture tear-down and audio benchmark to derek@daytoncommercialplumbingenterprises.com?,PHONE
GEN-NEW-05322,Phoenix Commercial Plumbing Group,Brian Winslow,+16233547193,WARM,"Hey Brian Winslow, Omar here. I know I caught you out of the blue. Saw Phoenix Commercial Plumbing Group's recent operations in Phoenix and had a quick 20-second question on how your team manages front-office intake spikes?",Would it be helpful if I sent over a 1-page architecture tear-down and audio benchmark to brian@phoenixcommercialplumbinggroup.com?,PHONE
GEN-NEW-05341,Memphis Commercial Plumbing Solutions,Brandon Fairfax,+19014877440,WARM,"Hey Brandon Fairfax, Omar here. I know I caught you out of the blue. Saw Memphis Commercial Plumbing Solutions's recent operations in Memphis and had a quick 20-second question on how your team manages front-office intake spikes?",Would it be helpful if I sent over a 1-page architecture tear-down and audio benchmark to brandon@memphiscommercialplumbingsolutions.com?,PHONE
GEN-NEW-05251,Alpharetta Dental Clinics Partners,Jessica Kensington,+16785576270,HOT,"Hi Jessica Kensington, Omar with TranchAI. Calling directly regarding Alpharetta Dental Clinics Partners's active operations in Alpharetta—saw you're expanding and wanted to ask: who currently handles your after-hours and overflow call intake?",Let's do a 15-minute diagnostic on Google Meet this Thursday at 10 AM to test the live voice agent against your current workflow. Does that time work for you?,PHONE
GEN-NEW-05270,Denver Dental Clinics Contractors,Marcus Prescott,+19706906517,HOT,"Hi Marcus Prescott, Omar with TranchAI. Calling directly regarding Denver Dental Clinics Contractors's active operations in Denver—saw you're expanding and wanted to ask: who currently handles your after-hours and overflow call intake?",Let's do a 15-minute diagnostic on Google Meet this Thursday at 10 AM to test the live voice agent against your current workflow. Does that time work for you?,PHONE
GEN-NEW-05289,Jacksonville Dental Clinics Enterprises,Joshua Prescott,+19048236764,HOT,"Hi Joshua Prescott, Omar with TranchAI. Calling directly regarding Jacksonville Dental Clinics Enterprises's active operations in Jacksonville—saw you're expanding and wanted to ask: who currently handles your after-hours and overflow call intake?",Let's do a 15-minute diagnostic on Google Meet this Thursday at 10 AM to test the live voice agent against your current workflow. Does that time work for you?,PHONE
GEN-NEW-05308,Greensboro Dental Clinics Group,David Winslow,+13362567011,HOT,"Hi David Winslow, Omar with TranchAI. Calling directly regarding Greensboro Dental Clinics Group's active operations in Greensboro—saw you're expanding and wanted to ask: who currently handles your after-hours and overflow call intake?",Let's do a 15-minute diagnostic on Google Meet this Thursday at 10 AM to test the live voice agent against your current workflow. Does that time work for you?,PHONE
GEN-NEW-05327,Cincinnati Dental Clinics Solutions,Elizabeth Winslow,+15133897258,HOT,"Hi Elizabeth Winslow, Omar with TranchAI. Calling directly regarding Cincinnati Dental Clinics Solutions's active operations in Cincinnati—saw you're expanding and wanted to ask: who currently handles your after-hours and overflow call intake?",Let's do a 15-minute diagnostic on Google Meet this Thursday at 10 AM to test the live voice agent against your current workflow. Does that time work for you?,PHONE
GEN-NEW-05346,Phoenix Dental Clinics Systems,Amanda Fairfax,+16025227505,HOT,"Hi Amanda Fairfax, Omar with TranchAI. Calling directly regarding Phoenix Dental Clinics Systems's active operations in Phoenix—saw you're expanding and wanted to ask: who currently handles your after-hours and overflow call intake?",Let's do a 15-minute diagnostic on Google Meet this Thursday at 10 AM to test the live voice agent against your current workflow. Does that time work for you?,PHONE
GEN-NEW-05249,St. Petersburg Property Management Contractors,Samantha Kensington,+17275436244,WARM,"Hey Samantha Kensington, Omar here. I know I caught you out of the blue. Saw St. Petersburg Property Management Contractors's recent operations in St. Petersburg and had a quick 20-second question on how your team manages front-office intake spikes?",Would it be helpful if I sent over a 1-page architecture tear-down and audio benchmark to samantha@st.petersburgpropertymanagementcontractors.com?,PHONE
GEN-NEW-05250,Phoenix Real Estate Brokerages Solutions,Christopher Kensington,+14805506257,WARM,"Hey Christopher Kensington, Omar here. I know I caught you out of the blue. Saw Phoenix Real Estate Brokerages Solutions's recent operations in Phoenix and had a quick 20-second question on how your team manages front-office intake spikes?",Would it be helpful if I sent over a 1-page architecture tear-down and audio benchmark to christopher@phoenixrealestatebrokeragessolutions.com?,PHONE
GEN-NEW-05252,Durham Medical Clinics Group,Daniel Kensington,+19195646283,WARM,"Hey Daniel Kensington, Omar here. I know I caught you out of the blue. Saw Durham Medical Clinics Group's recent operations in Durham and had a quick 20-second question on how your team manages front-office intake spikes?",Would it be helpful if I sent over a 1-page architecture tear-down and audio benchmark to daniel@durhammedicalclinicsgroup.com?,PHONE
GEN-NEW-05253,Chattanooga Med Spa Services,Amanda Kensington,+14235716296,WARM,"Hey Amanda Kensington, Omar here. I know I caught you out of the blue. Saw Chattanooga Med Spa Services's recent operations in Chattanooga and had a quick 20-second question on how your team manages front-office intake spikes?",Would it be helpful if I sent over a 1-page architecture tear-down and audio benchmark to amanda@chattanoogamedspaservices.com?,PHONE
GEN-NEW-05255,Columbus Accounting Systems,Ashley Kensington,+16145856322,WARM,"Hey Ashley Kensington, Omar here. I know I caught you out of the blue. Saw Columbus Accounting Systems's recent operations in Columbus and had a quick 20-second question on how your team manages front-office intake spikes?",Would it be helpful if I sent over a 1-page architecture tear-down and audio benchmark to ashley@columbusaccountingsystems.com?,PHONE
GEN-NEW-05256,Arlington Commercial Insurance Brokerages Contractors,Andrew Kensington,+12145926335,WARM,"Hey Andrew Kensington, Omar here. I know I caught you out of the blue. Saw Arlington Commercial Insurance Brokerages Contractors's recent operations in Arlington and had a quick 20-second question on how your team manages front-office intake spikes?",Would it be helpful if I sent over a 1-page architecture tear-down and audio benchmark to andrew@arlingtoncommercialinsurancebrokeragescontractors.com?,PHONE
GEN-NEW-05257,Orlando Auto Repair Solutions,Stephanie Kensington,+13055996348,WARM,"Hey Stephanie Kensington, Omar here. I know I caught you out of the blue. Saw Orlando Auto Repair Solutions's recent operations in Orlando and had a quick 20-second question on how your team manages front-office intake spikes?",Would it be helpful if I sent over a 1-page architecture tear-down and audio benchmark to stephanie@orlandoautorepairsolutions.com?,PHONE
GEN-NEW-05258,Mesa Veterinary Hospitals Partners,Joshua Kensington,+15206066361,WARM,"Hey Joshua Kensington, Omar here. I know I caught you out of the blue. Saw Mesa Veterinary Hospitals Partners's recent operations in Mesa and had a quick 20-second question on how your team manages front-office intake spikes?",Would it be helpful if I sent over a 1-page architecture tear-down and audio benchmark to joshua@mesaveterinaryhospitalspartners.com?,PHONE
GEN-NEW-05259,Augusta Staffing Group,Megan Kensington,+17066136374,WARM,"Hey Megan Kensington, Omar here. I know I caught you out of the blue. Saw Augusta Staffing Group's recent operations in Augusta and had a quick 20-second question on how your team manages front-office intake spikes?",Would it be helpful if I sent over a 1-page architecture tear-down and audio benchmark to megan@augustastaffinggroup.com?,PHONE
GEN-NEW-05260,Charlotte Digital Marketing Services,Brian Kensington,+17046206387,WARM,"Hey Brian Kensington, Omar here. I know I caught you out of the blue. Saw Charlotte Digital Marketing Services's recent operations in Charlotte and had a quick 20-second question on how your team manages front-office intake spikes?",Would it be helpful if I sent over a 1-page architecture tear-down and audio benchmark to brian@charlottedigitalmarketingservices.com?,PHONE
GEN-NEW-05261,Memphis Freight Enterprises,Nicole Kensington,+19016276400,WARM,"Hey Nicole Kensington, Omar here. I know I caught you out of the blue. Saw Memphis Freight Enterprises's recent operations in Memphis and had a quick 20-second question on how your team manages front-office intake spikes?",Would it be helpful if I sent over a 1-page architecture tear-down and audio benchmark to nicole@memphisfreightenterprises.com?,PHONE
GEN-NEW-05262,Colorado Springs Home Services Systems,Kevin Kensington,+19706346413,WARM,"Hey Kevin Kensington, Omar here. I know I caught you out of the blue. Saw Colorado Springs Home Services Systems's recent operations in Colorado Springs and had a quick 20-second question on how your team manages front-office intake spikes?",Would it be helpful if I sent over a 1-page architecture tear-down and audio benchmark to kevin@coloradospringshomeservicessystems.com?,PHONE
GEN-NEW-05268,Greensboro Property Management Enterprises,Ryan Kensington,+13366766491,WARM,"Hey Ryan Kensington, Omar here. I know I caught you out of the blue. Saw Greensboro Property Management Enterprises's recent operations in Greensboro and had a quick 20-second question on how your team manages front-office intake spikes?",Would it be helpful if I sent over a 1-page architecture tear-down and audio benchmark to ryan@greensboropropertymanagemententerprises.com?,PHONE
GEN-NEW-05269,Franklin Real Estate Brokerages Systems,Emily Kensington,+19316836504,WARM,"Hey Emily Kensington, Omar here. I know I caught you out of the blue. Saw Franklin Real Estate Brokerages Systems's recent operations in Franklin and had a quick 20-second question on how your team manages front-office intake spikes?",Would it be helpful if I sent over a 1-page architecture tear-down and audio benchmark to emily@franklinrealestatebrokeragessystems.com?,PHONE
GEN-NEW-05271,Cleveland Medical Clinics Solutions,Elena Prescott,+12166976530,WARM,"Hey Elena Prescott, Omar here. I know I caught you out of the blue. Saw Cleveland Medical Clinics Solutions's recent operations in Cleveland and had a quick 20-second question on how your team manages front-office intake spikes?",Would it be helpful if I sent over a 1-page architecture tear-down and audio benchmark to elena@clevelandmedicalclinicssolutions.com?,PHONE
GEN-NEW-05272,Fort Worth Med Spa Partners,Derek Prescott,+12147046543,WARM,"Hey Derek Prescott, Omar here. I know I caught you out of the blue. Saw Fort Worth Med Spa Partners's recent operations in Fort Worth and had a quick 20-second question on how your team manages front-office intake spikes?",Would it be helpful if I sent over a 1-page architecture tear-down and audio benchmark to derek@fortworthmedspapartners.com?,PHONE
GEN-NEW-05274,Phoenix Accounting Services,Robert Prescott,+19287186569,WARM,"Hey Robert Prescott, Omar here. I know I caught you out of the blue. Saw Phoenix Accounting Services's recent operations in Phoenix and had a quick 20-second question on how your team manages front-office intake spikes?",Would it be helpful if I sent over a 1-page architecture tear-down and audio benchmark to robert@phoenixaccountingservices.com?,PHONE
GEN-NEW-05275,Atlanta Commercial Insurance Brokerages Enterprises,Garrett Prescott,+14047256582,WARM,"Hey Garrett Prescott, Omar here. I know I caught you out of the blue. Saw Atlanta Commercial Insurance Brokerages Enterprises's recent operations in Atlanta and had a quick 20-second question on how your team manages front-office intake spikes?",Would it be helpful if I sent over a 1-page architecture tear-down and audio benchmark to garrett@atlantacommercialinsurancebrokeragesenterprises.com?,PHONE
GEN-NEW-05276,Raleigh Auto Repair Systems,Victoria Prescott,+19807326595,WARM,"Hey Victoria Prescott, Omar here. I know I caught you out of the blue. Saw Raleigh Auto Repair Systems's recent operations in Raleigh and had a quick 20-second question on how your team manages front-office intake spikes?",Would it be helpful if I sent over a 1-page architecture tear-down and audio benchmark to victoria@raleighautorepairsystems.com?,PHONE
GEN-NEW-05277,Knoxville Veterinary Hospitals Contractors,David Prescott,+18657396608,WARM,"Hey David Prescott, Omar here. I know I caught you out of the blue. Saw Knoxville Veterinary Hospitals Contractors's recent operations in Knoxville and had a quick 20-second question on how your team manages front-office intake spikes?",Would it be helpful if I sent over a 1-page architecture tear-down and audio benchmark to david@knoxvilleveterinaryhospitalscontractors.com?,PHONE
GEN-NEW-05278,Aurora Staffing Solutions,Rachel Prescott,+19707466621,WARM,"Hey Rachel Prescott, Omar here. I know I caught you out of the blue. Saw Aurora Staffing Solutions's recent operations in Aurora and had a quick 20-second question on how your team manages front-office intake spikes?",Would it be helpful if I sent over a 1-page architecture tear-down and audio benchmark to rachel@aurorastaffingsolutions.com?,PHONE
GEN-NEW-05279,Akron Digital Marketing Partners,Brandon Prescott,+13307536634,WARM,"Hey Brandon Prescott, Omar here. I know I caught you out of the blue. Saw Akron Digital Marketing Partners's recent operations in Akron and had a quick 20-second question on how your team manages front-office intake spikes?",Would it be helpful if I sent over a 1-page architecture tear-down and audio benchmark to brandon@akrondigitalmarketingpartners.com?,PHONE
GEN-NEW-05280,Houston Freight Group,Samantha Prescott,+12147606647,WARM,"Hey Samantha Prescott, Omar here. I know I caught you out of the blue. Saw Houston Freight Group's recent operations in Houston and had a quick 20-second question on how your team manages front-office intake spikes?",Would it be helpful if I sent over a 1-page architecture tear-down and audio benchmark to samantha@houstonfreightgroup.com?,PHONE
GEN-NEW-05281,Orlando Home Services Services,Christopher Prescott,+18137676660,WARM,"Hey Christopher Prescott, Omar here. I know I caught you out of the blue. Saw Orlando Home Services Services's recent operations in Orlando and had a quick 20-second question on how your team manages front-office intake spikes?",Would it be helpful if I sent over a 1-page architecture tear-down and audio benchmark to christopher@orlandohomeservicesservices.com?,PHONE
GEN-NEW-05287,Cincinnati Property Management Group,Andrew Prescott,+15138096738,WARM,"Hey Andrew Prescott, Omar here. I know I caught you out of the blue. Saw Cincinnati Property Management Group's recent operations in Cincinnati and had a quick 20-second question on how your team manages front-office intake spikes?",Would it be helpful if I sent over a 1-page architecture tear-down and audio benchmark to andrew@cincinnatipropertymanagementgroup.com?,PHONE
GEN-NEW-05288,Austin Real Estate Brokerages Services,Stephanie Prescott,+12148166751,WARM,"Hey Stephanie Prescott, Omar here. I know I caught you out of the blue. Saw Austin Real Estate Brokerages Services's recent operations in Austin and had a quick 20-second question on how your team manages front-office intake spikes?",Would it be helpful if I sent over a 1-page architecture tear-down and audio benchmark to stephanie@austinrealestatebrokeragesservices.com?,PHONE
GEN-NEW-05290,Tempe Medical Clinics Systems,Megan Prescott,+14808306777,WARM,"Hey Megan Prescott, Omar here. I know I caught you out of the blue. Saw Tempe Medical Clinics Systems's recent operations in Tempe and had a quick 20-second question on how your team manages front-office intake spikes?",Would it be helpful if I sent over a 1-page architecture tear-down and audio benchmark to megan@tempemedicalclinicssystems.com?,PHONE
GEN-NEW-05291,Alpharetta Med Spa Contractors,Brian Prescott,+16788376790,WARM,"Hey Brian Prescott, Omar here. I know I caught you out of the blue. Saw Alpharetta Med Spa Contractors's recent operations in Alpharetta and had a quick 20-second question on how your team manages front-office intake spikes?",Would it be helpful if I sent over a 1-page architecture tear-down and audio benchmark to brian@alpharettamedspacontractors.com?,PHONE
GEN-NEW-05293,Chattanooga Accounting Partners,Kevin Prescott,+14238516816,WARM,"Hey Kevin Prescott, Omar here. I know I caught you out of the blue. Saw Chattanooga Accounting Partners's recent operations in Chattanooga and had a quick 20-second question on how your team manages front-office intake spikes?",Would it be helpful if I sent over a 1-page architecture tear-down and audio benchmark to kevin@chattanoogaaccountingpartners.com?,PHONE
GEN-NEW-05294,Fort Collins Commercial Insurance Brokerages Group,Hannah Prescott,+19708586829,WARM,"Hey Hannah Prescott, Omar here. I know I caught you out of the blue. Saw Fort Collins Commercial Insurance Brokerages Group's recent operations in Fort Collins and had a quick 20-second question on how your team manages front-office intake spikes?",Would it be helpful if I sent over a 1-page architecture tear-down and audio benchmark to hannah@fortcollinscommercialinsurancebrokeragesgroup.com?,PHONE
GEN-NEW-05295,Columbus Auto Repair Services,Eric Prescott,+16148656842,WARM,"Hey Eric Prescott, Omar here. I know I caught you out of the blue. Saw Columbus Auto Repair Services's recent operations in Columbus and had a quick 20-second question on how your team manages front-office intake spikes?",Would it be helpful if I sent over a 1-page architecture tear-down and audio benchmark to eric@columbusautorepairservices.com?,PHONE
GEN-NEW-05296,San Antonio Veterinary Hospitals Enterprises,Elizabeth Prescott,+12148726855,WARM,"Hey Elizabeth Prescott, Omar here. I know I caught you out of the blue. Saw San Antonio Veterinary Hospitals Enterprises's recent operations in San Antonio and had a quick 20-second question on how your team manages front-office intake spikes?",Would it be helpful if I sent over a 1-page architecture tear-down and audio benchmark to elizabeth@sanantonioveterinaryhospitalsenterprises.com?,PHONE
GEN-NEW-05297,St. Petersburg Staffing Systems,Justin Prescott,+19548796868,WARM,"Hey Justin Prescott, Omar here. I know I caught you out of the blue. Saw St. Petersburg Staffing Systems's recent operations in St. Petersburg and had a quick 20-second question on how your team manages front-office intake spikes?",Would it be helpful if I sent over a 1-page architecture tear-down and audio benchmark to justin@st.petersburgstaffingsystems.com?,PHONE
GEN-NEW-05298,Phoenix Digital Marketing Contractors,Lauren Prescott,+15208866881,WARM,"Hey Lauren Prescott, Omar here. I know I caught you out of the blue. Saw Phoenix Digital Marketing Contractors's recent operations in Phoenix and had a quick 20-second question on how your team manages front-office intake spikes?",Would it be helpful if I sent over a 1-page architecture tear-down and audio benchmark to lauren@phoenixdigitalmarketingcontractors.com?,PHONE
GEN-NEW-05299,Augusta Freight Solutions,Ryan Prescott,+17068936894,WARM,"Hey Ryan Prescott, Omar here. I know I caught you out of the blue. Saw Augusta Freight Solutions's recent operations in Augusta and had a quick 20-second question on how your team manages front-office intake spikes?",Would it be helpful if I sent over a 1-page architecture tear-down and audio benchmark to ryan@augustafreightsolutions.com?,PHONE
GEN-NEW-05300,Charlotte Home Services Partners,Emily Prescott,+17042006907,WARM,"Hey Emily Prescott, Omar here. I know I caught you out of the blue. Saw Charlotte Home Services Partners's recent operations in Charlotte and had a quick 20-second question on how your team manages front-office intake spikes?",Would it be helpful if I sent over a 1-page architecture tear-down and audio benchmark to emily@charlottehomeservicespartners.com?,PHONE
GEN-NEW-05306,Mesa Property Management Solutions,Garrett Winslow,+16022426985,WARM,"Hey Garrett Winslow, Omar here. I know I caught you out of the blue. Saw Mesa Property Management Solutions's recent operations in Mesa and had a quick 20-second question on how your team manages front-office intake spikes?",Would it be helpful if I sent over a 1-page architecture tear-down and audio benchmark to garrett@mesapropertymanagementsolutions.com?,PHONE
GEN-NEW-05307,Marietta Real Estate Brokerages Partners,Victoria Winslow,+17702496998,WARM,"Hey Victoria Winslow, Omar here. I know I caught you out of the blue. Saw Marietta Real Estate Brokerages Partners's recent operations in Marietta and had a quick 20-second question on how your team manages front-office intake spikes?",Would it be helpful if I sent over a 1-page architecture tear-down and audio benchmark to victoria@mariettarealestatebrokeragespartners.com?,PHONE
GEN-NEW-05309,Franklin Medical Clinics Services,Rachel Winslow,+19312637024,WARM,"Hey Rachel Winslow, Omar here. I know I caught you out of the blue. Saw Franklin Medical Clinics Services's recent operations in Franklin and had a quick 20-second question on how your team manages front-office intake spikes?",Would it be helpful if I sent over a 1-page architecture tear-down and audio benchmark to rachel@franklinmedicalclinicsservices.com?,PHONE
GEN-NEW-05310,Denver Med Spa Enterprises,Brandon Winslow,+19702707037,WARM,"Hey Brandon Winslow, Omar here. I know I caught you out of the blue. Saw Denver Med Spa Enterprises's recent operations in Denver and had a quick 20-second question on how your team manages front-office intake spikes?",Would it be helpful if I sent over a 1-page architecture tear-down and audio benchmark to brandon@denvermedspaenterprises.com?,PHONE
GEN-NEW-05312,Arlington Accounting Contractors,Christopher Winslow,+12142847063,WARM,"Hey Christopher Winslow, Omar here. I know I caught you out of the blue. Saw Arlington Accounting Contractors's recent operations in Arlington and had a quick 20-second question on how your team manages front-office intake spikes?",Would it be helpful if I sent over a 1-page architecture tear-down and audio benchmark to christopher@arlingtonaccountingcontractors.com?,PHONE
GEN-NEW-05313,Jacksonville Commercial Insurance Brokerages Solutions,Jessica Winslow,+13052917076,WARM,"Hey Jessica Winslow, Omar here. I know I caught you out of the blue. Saw Jacksonville Commercial Insurance Brokerages Solutions's recent operations in Jacksonville and had a quick 20-second question on how your team manages front-office intake spikes?",Would it be helpful if I sent over a 1-page architecture tear-down and audio benchmark to jessica@jacksonvillecommercialinsurancebrokeragessolutions.com?,PHONE
GEN-NEW-05314,Tempe Auto Repair Partners,Daniel Winslow,+19282987089,WARM,"Hey Daniel Winslow, Omar here. I know I caught you out of the blue. Saw Tempe Auto Repair Partners's recent operations in Tempe and had a quick 20-second question on how your team manages front-office intake spikes?",Would it be helpful if I sent over a 1-page architecture tear-down and audio benchmark to daniel@tempeautorepairpartners.com?,PHONE
GEN-NEW-05315,Atlanta Veterinary Hospitals Group,Amanda Winslow,+14043057102,WARM,"Hey Amanda Winslow, Omar here. I know I caught you out of the blue. Saw Atlanta Veterinary Hospitals Group's recent operations in Atlanta and had a quick 20-second question on how your team manages front-office intake spikes?",Would it be helpful if I sent over a 1-page architecture tear-down and audio benchmark to amanda@atlantaveterinaryhospitalsgroup.com?,PHONE
GEN-NEW-05316,Raleigh Staffing Services,Matthew Winslow,+19803127115,WARM,"Hey Matthew Winslow, Omar here. I know I caught you out of the blue. Saw Raleigh Staffing Services's recent operations in Raleigh and had a quick 20-second question on how your team manages front-office intake spikes?",Would it be helpful if I sent over a 1-page architecture tear-down and audio benchmark to matthew@raleighstaffingservices.com?,PHONE
GEN-NEW-05317,Knoxville Digital Marketing Enterprises,Ashley Winslow,+18653197128,WARM,"Hey Ashley Winslow, Omar here. I know I caught you out of the blue. Saw Knoxville Digital Marketing Enterprises's recent operations in Knoxville and had a quick 20-second question on how your team manages front-office intake spikes?",Would it be helpful if I sent over a 1-page architecture tear-down and audio benchmark to ashley@knoxvilledigitalmarketingenterprises.com?,PHONE
GEN-NEW-05318,Aurora Freight Systems,Andrew Winslow,+19703267141,WARM,"Hey Andrew Winslow, Omar here. I know I caught you out of the blue. Saw Aurora Freight Systems's recent operations in Aurora and had a quick 20-second question on how your team manages front-office intake spikes?",Would it be helpful if I sent over a 1-page architecture tear-down and audio benchmark to andrew@aurorafreightsystems.com?,PHONE
GEN-NEW-05319,Akron Home Services Contractors,Stephanie Winslow,+13303337154,WARM,"Hey Stephanie Winslow, Omar here. I know I caught you out of the blue. Saw Akron Home Services Contractors's recent operations in Akron and had a quick 20-second question on how your team manages front-office intake spikes?",Would it be helpful if I sent over a 1-page architecture tear-down and audio benchmark to stephanie@akronhomeservicescontractors.com?,PHONE
GEN-NEW-05325,Nashville Property Management Systems,Hannah Winslow,+16153757232,WARM,"Hey Hannah Winslow, Omar here. I know I caught you out of the blue. Saw Nashville Property Management Systems's recent operations in Nashville and had a quick 20-second question on how your team manages front-office intake spikes?",Would it be helpful if I sent over a 1-page architecture tear-down and audio benchmark to hannah@nashvillepropertymanagementsystems.com?,PHONE
GEN-NEW-05326,Boulder Real Estate Brokerages Contractors,Eric Winslow,+19703827245,WARM,"Hey Eric Winslow, Omar here. I know I caught you out of the blue. Saw Boulder Real Estate Brokerages Contractors's recent operations in Boulder and had a quick 20-second question on how your team manages front-office intake spikes?",Would it be helpful if I sent over a 1-page architecture tear-down and audio benchmark to eric@boulderrealestatebrokeragescontractors.com?,PHONE
GEN-NEW-05328,Fort Worth Medical Clinics Partners,Justin Winslow,+12143967271,WARM,"Hey Justin Winslow, Omar here. I know I caught you out of the blue. Saw Fort Worth Medical Clinics Partners's recent operations in Fort Worth and had a quick 20-second question on how your team manages front-office intake spikes?",Would it be helpful if I sent over a 1-page architecture tear-down and audio benchmark to justin@fortworthmedicalclinicspartners.com?,PHONE
GEN-NEW-05329,Orlando Med Spa Group,Lauren Winslow,+14074037284,WARM,"Hey Lauren Winslow, Omar here. I know I caught you out of the blue. Saw Orlando Med Spa Group's recent operations in Orlando and had a quick 20-second question on how your team manages front-office intake spikes?",Would it be helpful if I sent over a 1-page architecture tear-down and audio benchmark to lauren@orlandomedspagroup.com?,PHONE
GEN-NEW-05331,Alpharetta Accounting Enterprises,Emily Winslow,+16784177310,WARM,"Hey Emily Winslow, Omar here. I know I caught you out of the blue. Saw Alpharetta Accounting Enterprises's recent operations in Alpharetta and had a quick 20-second question on how your team manages front-office intake spikes?",Would it be helpful if I sent over a 1-page architecture tear-down and audio benchmark to emily@alpharettaaccountingenterprises.com?,PHONE
GEN-NEW-05332,Durham Commercial Insurance Brokerages Systems,Marcus Fairfax,+19194247323,WARM,"Hey Marcus Fairfax, Omar here. I know I caught you out of the blue. Saw Durham Commercial Insurance Brokerages Systems's recent operations in Durham and had a quick 20-second question on how your team manages front-office intake spikes?",Would it be helpful if I sent over a 1-page architecture tear-down and audio benchmark to marcus@durhamcommercialinsurancebrokeragessystems.com?,PHONE
GEN-NEW-05333,Chattanooga Auto Repair Contractors,Elena Fairfax,+14234317336,WARM,"Hey Elena Fairfax, Omar here. I know I caught you out of the blue. Saw Chattanooga Auto Repair Contractors's recent operations in Chattanooga and had a quick 20-second question on how your team manages front-office intake spikes?",Would it be helpful if I sent over a 1-page architecture tear-down and audio benchmark to elena@chattanoogaautorepaircontractors.com?,PHONE
GEN-NEW-05334,Fort Collins Veterinary Hospitals Solutions,Derek Fairfax,+19704387349,WARM,"Hey Derek Fairfax, Omar here. I know I caught you out of the blue. Saw Fort Collins Veterinary Hospitals Solutions's recent operations in Fort Collins and had a quick 20-second question on how your team manages front-office intake spikes?",Would it be helpful if I sent over a 1-page architecture tear-down and audio benchmark to derek@fortcollinsveterinaryhospitalssolutions.com?,PHONE
GEN-NEW-05335,Columbus Staffing Partners,Sarah Fairfax,+16144457362,WARM,"Hey Sarah Fairfax, Omar here. I know I caught you out of the blue. Saw Columbus Staffing Partners's recent operations in Columbus and had a quick 20-second question on how your team manages front-office intake spikes?",Would it be helpful if I sent over a 1-page architecture tear-down and audio benchmark to sarah@columbusstaffingpartners.com?,PHONE
GEN-NEW-05336,Houston Digital Marketing Group,Robert Fairfax,+12144527375,WARM,"Hey Robert Fairfax, Omar here. I know I caught you out of the blue. Saw Houston Digital Marketing Group's recent operations in Houston and had a quick 20-second question on how your team manages front-office intake spikes?",Would it be helpful if I sent over a 1-page architecture tear-down and audio benchmark to robert@houstondigitalmarketinggroup.com?,PHONE
GEN-NEW-05337,Jacksonville Freight Services,Garrett Fairfax,+18134597388,WARM,"Hey Garrett Fairfax, Omar here. I know I caught you out of the blue. Saw Jacksonville Freight Services's recent operations in Jacksonville and had a quick 20-second question on how your team manages front-office intake spikes?",Would it be helpful if I sent over a 1-page architecture tear-down and audio benchmark to garrett@jacksonvillefreightservices.com?,PHONE
GEN-NEW-05338,Tempe Home Services Enterprises,Victoria Fairfax,+15204667401,WARM,"Hey Victoria Fairfax, Omar here. I know I caught you out of the blue. Saw Tempe Home Services Enterprises's recent operations in Tempe and had a quick 20-second question on how your team manages front-office intake spikes?",Would it be helpful if I sent over a 1-page architecture tear-down and audio benchmark to victoria@tempehomeservicesenterprises.com?,PHONE
GEN-NEW-05344,Austin Property Management Services,Jessica Fairfax,+12145087479,WARM,"Hey Jessica Fairfax, Omar here. I know I caught you out of the blue. Saw Austin Property Management Services's recent operations in Austin and had a quick 20-second question on how your team manages front-office intake spikes?",Would it be helpful if I sent over a 1-page architecture tear-down and audio benchmark to jessica@austinpropertymanagementservices.com?,PHONE
GEN-NEW-05345,St. Petersburg Real Estate Brokerages Enterprises,Daniel Fairfax,+19045157492,WARM,"Hey Daniel Fairfax, Omar here. I know I caught you out of the blue. Saw St. Petersburg Real Estate Brokerages Enterprises's recent operations in St. Petersburg and had a quick 20-second question on how your team manages front-office intake spikes?",Would it be helpful if I sent over a 1-page architecture tear-down and audio benchmark to daniel@st.petersburgrealestatebrokeragesenterprises.com?,PHONE
GEN-NEW-05347,Marietta Medical Clinics Contractors,Matthew Fairfax,+17705297518,WARM,"Hey Matthew Fairfax, Omar here. I know I caught you out of the blue. Saw Marietta Medical Clinics Contractors's recent operations in Marietta and had a quick 20-second question on how your team manages front-office intake spikes?",Would it be helpful if I sent over a 1-page architecture tear-down and audio benchmark to matthew@mariettamedicalclinicscontractors.com?,PHONE
GEN-NEW-05348,Greensboro Med Spa Solutions,Ashley Fairfax,+13365367531,WARM,"Hey Ashley Fairfax, Omar here. I know I caught you out of the blue. Saw Greensboro Med Spa Solutions's recent operations in Greensboro and had a quick 20-second question on how your team manages front-office intake spikes?",Would it be helpful if I sent over a 1-page architecture tear-down and audio benchmark to ashley@greensboromedspasolutions.com?,PHONE
