id,contact_name,phone,phone_status,address,city,state,zip,county,asking_basis_usd,cash_offer_40pct_usd,opportunity_score,callability_score,combined_score,priority,script_variant,auction_date,owner_status,source
WS-20261004-001,Homeowner (name unverified),,UNVERIFIED,10221 Sourwood Dr,Fort Worth,TX,76244,Tarrant,439076.0,175600,31,14,31,P1,OWNER_OCCUPIED,2026-10-06,REQUIRES_VERIFICATION,Texas Signals — Tarrant County foreclosure auction
WS-20261004-002,Homeowner (name unverified),,UNVERIFIED,1028 ALMOND BLOSSOM CIRCLE,Crowley,TX,76036,Tarrant,410440.0,164100,31,14,31,P1,OWNER_OCCUPIED,2026-10-06,REQUIRES_VERIFICATION,Texas Signals — Tarrant County foreclosure auction
WS-20261004-003,Homeowner (name unverified),,UNVERIFIED,10241 E Rancho Diego Ln,Crowley,TX,76036,Tarrant,404059.0,161600,31,14,31,P1,OWNER_OCCUPIED,2026-10-06,REQUIRES_VERIFICATION,Texas Signals — Tarrant County foreclosure auction
WS-20261004-004,Homeowner (name unverified),,UNVERIFIED,100 CRESR RIDGE COURT,Irving,TX,75061,Dallas,380000.0,152000,31,14,31,P1,OWNER_OCCUPIED,2026-10-06,REQUIRES_VERIFICATION,Texas Signals — Dallas County foreclosure auction 
WS-20261004-005,Homeowner (name unverified),,UNVERIFIED,1012 Ashmount Ln,Arlington,TX,76017,Tarrant,318161.0,127200,31,14,31,P1,OWNER_OCCUPIED,2026-10-06,REQUIRES_VERIFICATION,Texas Signals — Tarrant County foreclosure auction
WS-20261004-006,Homeowner (name unverified),,UNVERIFIED,1001 Trellis Way,Garland,TX,75040,Dallas,271390.0,108500,31,14,31,P1,OWNER_OCCUPIED,2026-10-06,REQUIRES_VERIFICATION,Texas Signals — Dallas County foreclosure auction 
WS-20261004-007,Homeowner (name unverified),,UNVERIFIED,10231 GRAY OAK LANE,Fort Worth,TX,76108,Tarrant,228946.0,91500,31,14,31,P1,OWNER_OCCUPIED,2026-10-06,REQUIRES_VERIFICATION,Texas Signals — Tarrant County foreclosure auction
WS-20261004-008,Homeowner (name unverified),,UNVERIFIED,1802 Jay Circle,Arlington,TX,76012,Tarrant,665000.0,266000,29,14,29,P1,OWNER_OCCUPIED,,REQUIRES_VERIFICATION,Xome — Texas auction list (fetched 2026-10-04)
WS-20261004-009,Homeowner (name unverified),,UNVERIFIED,1016 Masters Dr,Mansfield,TX,76063,Tarrant,290000.0,116000,29,14,29,P1,OWNER_OCCUPIED,,REQUIRES_VERIFICATION,Xome — Texas auction list (fetched 2026-10-04)
WS-20261004-010,Homeowner (name unverified),,UNVERIFIED,4040 8th Ave,Fort Worth,TX,76110,Tarrant,265000.0,106000,29,14,29,P1,OWNER_OCCUPIED,,REQUIRES_VERIFICATION,Xome — Texas auction list (fetched 2026-10-04)
WS-20261004-011,Homeowner (name unverified),,UNVERIFIED,2614 Mystic Trl,Rowlett,TX,75088,Dallas,241961.09,96700,29,14,29,P1,OWNER_OCCUPIED,,REQUIRES_VERIFICATION,Xome — Dallas list (search-engine crawl ~2026-09-1
WS-20261004-012,Homeowner (name unverified),,UNVERIFIED,1513 Skyline Dr,River Oaks,TX,76114,Tarrant,195000.0,78000,29,14,29,P1,OWNER_OCCUPIED,,REQUIRES_VERIFICATION,Xome — Texas auction list (fetched 2026-10-04)
WS-20261004-013,Homeowner (name unverified),,UNVERIFIED,2716 Cedar Park Boulevard,Richland Hills,TX,76118,Tarrant,150000.0,60000,29,14,29,P1,OWNER_OCCUPIED,,REQUIRES_VERIFICATION,Xome — Texas auction list (fetched 2026-10-04)
WS-20261004-014,Homeowner (name unverified),,UNVERIFIED,3700 Kelvin Avenue,Fort Worth,TX,76133,Tarrant,145000.0,58000,29,14,29,P1,OWNER_OCCUPIED,,REQUIRES_VERIFICATION,Xome — Texas auction list (fetched 2026-10-04)
WS-20261004-015,Homeowner (name unverified),,UNVERIFIED,109 Hardin Dr,Arlington,TX,76018,Tarrant,145000.0,58000,29,14,29,P1,OWNER_OCCUPIED,,REQUIRES_VERIFICATION,Xome — Texas list (search-engine crawl ~2026-09-16
WS-20261004-016,Homeowner (name unverified),,UNVERIFIED,110 N Marlborough Ave,Dallas,TX,75208,Dallas,130000.0,52000,29,14,29,P1,OWNER_OCCUPIED,,REQUIRES_VERIFICATION,Xome (Auction.com group) — Dallas foreclosure-auct
WS-20261004-017,Homeowner (name unverified),,UNVERIFIED,6401 Calmont Ave,Fort Worth,TX,76116,Tarrant,115000.0,46000,29,14,29,P1,OWNER_OCCUPIED,,REQUIRES_VERIFICATION,Xome — Texas list (search-engine crawl ~2026-09-30
WS-20261004-018,Homeowner (name unverified),,UNVERIFIED,7432 Ashbourne Way,Fort Worth,TX,76133,Tarrant,110000.0,44000,29,14,29,P1,OWNER_OCCUPIED,,REQUIRES_VERIFICATION,Xome — Texas auction list (fetched 2026-10-04)
WS-20261004-019,Homeowner (name unverified),,UNVERIFIED,316 Hickorywood St,Azle,TX,76020,Tarrant,95000.0,38000,29,14,29,P1,OWNER_OCCUPIED,,REQUIRES_VERIFICATION,Xome — Texas auction list (fetched 2026-10-04)
WS-20261004-020,Homeowner (name unverified),,UNVERIFIED,116 S Ravinia Drive,Dallas,TX,75211,Dallas,,,29,14,29,P2,OWNER_OCCUPIED,,REQUIRES_VERIFICATION,Xome (Auction.com group) — Dallas foreclosure-auct
WS-20261004-021,Homeowner (name unverified),,UNVERIFIED,527 S Clinton Ave,Dallas,TX,75208,Dallas,,,29,14,29,P2,OWNER_OCCUPIED,,REQUIRES_VERIFICATION,Xome (Auction.com group) — Dallas foreclosure-auct
WS-20261004-022,Homeowner (name unverified),,UNVERIFIED,8827 Rustown Drive,Dallas,TX,75228,Dallas,,,29,14,29,P2,OWNER_OCCUPIED,,REQUIRES_VERIFICATION,Xome (Auction.com group) — Dallas foreclosure-auct
WS-20261004-023,Homeowner (name unverified),,UNVERIFIED,6006 Spring Glen Drive,Dallas,TX,75232,Dallas,,,29,14,29,P2,OWNER_OCCUPIED,,REQUIRES_VERIFICATION,Xome (Auction.com group) — Dallas foreclosure-auct
WS-20261004-024,Homeowner (name unverified),,UNVERIFIED,6302 Pool View Dr,Dallas,TX,75249,Dallas,,,29,14,29,P2,OWNER_OCCUPIED,,REQUIRES_VERIFICATION,Xome (Auction.com group) — Dallas foreclosure-auct
WS-20261004-025,Homeowner (name unverified),,UNVERIFIED,3218 Weather Vane Ln,Dallas,TX,75217,Dallas,,,29,14,29,P2,OWNER_OCCUPIED,,REQUIRES_VERIFICATION,Xome (Auction.com group) — Dallas foreclosure-auct
WS-20261004-026,Homeowner (name unverified),,UNVERIFIED,7016 Antler Ave,Dallas,TX,75228,Dallas,,,29,14,29,P2,OWNER_OCCUPIED,,REQUIRES_VERIFICATION,Xome (Auction.com group) — Dallas foreclosure-auct
WS-20261004-027,Homeowner (name unverified),,UNVERIFIED,426 Calyx Cir,Dallas,TX,75216,Dallas,,,29,14,29,P2,OWNER_OCCUPIED,,REQUIRES_VERIFICATION,Xome (Auction.com group) — Dallas foreclosure-auct
WS-20261004-028,Homeowner (name unverified),,UNVERIFIED,3304 W Camp Wisdom Rd,Dallas,TX,75237,Dallas,,,29,14,29,P2,OWNER_OCCUPIED,,REQUIRES_VERIFICATION,Xome (Auction.com group) — Dallas foreclosure-auct
WS-20261004-029,Homeowner (name unverified),,UNVERIFIED,3409 Indian Trl,Rowlett,TX,75088,Dallas,,,29,14,29,P2,OWNER_OCCUPIED,,REQUIRES_VERIFICATION,Xome — Dallas list (search-engine crawl ~2026-09-1
WS-20261004-030,Homeowner (name unverified),,UNVERIFIED,1318 Boulder Drive,Cedar Hill,TX,75104,Dallas,,,29,14,29,P2,OWNER_OCCUPIED,,REQUIRES_VERIFICATION,Xome — Dallas list (search-engine crawl ~2026-09-1
WS-20261004-031,Homeowner (name unverified),,UNVERIFIED,971 Bluffview Drive,Hutchins,TX,75141,Dallas,,,29,14,29,P2,OWNER_OCCUPIED,,REQUIRES_VERIFICATION,Xome — Dallas list (search-engine crawl ~2026-09-1
WS-20261004-032,Homeowner (name unverified),,UNVERIFIED,5318 Luna Circle,Rowlett,TX,75088,Dallas,,,29,14,29,P2,OWNER_OCCUPIED,,REQUIRES_VERIFICATION,Xome — Dallas list (search-engine crawl ~2026-09-1
WS-20261004-033,Homeowner (name unverified),,UNVERIFIED,1004 Forest Ridge Dr,Bedford,TX,76022,Tarrant,,,29,14,29,P2,OWNER_OCCUPIED,,REQUIRES_VERIFICATION,Xome — Texas list (search-engine crawl ~2026-09-16
WS-20261004-034,Homeowner (name unverified),,UNVERIFIED,1002 MONTCLAIR DR,Garland,TX,75040,Dallas,,,29,14,29,P2,OWNER_OCCUPIED,2026-10-06,REQUIRES_VERIFICATION,Texas Signals — Dallas County foreclosure auction 
WS-20261004-035,Homeowner (name unverified),,UNVERIFIED,1005 HOLLOW OAK ROAD,Lancaster,TX,75134,Dallas,,,29,14,29,P2,OWNER_OCCUPIED,2026-10-06,REQUIRES_VERIFICATION,Texas Signals — Dallas County foreclosure auction 
WS-20261004-036,Homeowner (name unverified),,UNVERIFIED,1007 SUMNER DR,Mesquite,TX,75104,Dallas,,,29,14,29,P2,OWNER_OCCUPIED,2026-10-06,REQUIRES_VERIFICATION,Texas Signals — Dallas County foreclosure auction 
WS-20261004-037,Homeowner (name unverified),,UNVERIFIED,1008 Waterview Dr.,Cedar Hill,TX,75104,Dallas,,,29,14,29,P2,OWNER_OCCUPIED,2026-10-06,REQUIRES_VERIFICATION,Texas Signals — Dallas County foreclosure auction 
