owner_name,property_address,city,state,zip,auction_date,offer_price,signer_name,signer_phone,address_note
Homeowner,10221 Sourwood Dr,Fort Worth,TX,76244,2026-10-06,175600,Mohammed,TBD,owner identity unresolved — letter uses 'Homeowner' fallback
Homeowner,1028 ALMOND BLOSSOM CIRCLE,Crowley,TX,76036,2026-10-06,164100,Mohammed,TBD,owner identity unresolved — letter uses 'Homeowner' fallback
Homeowner,10241 E Rancho Diego Ln,Crowley,TX,76036,2026-10-06,161600,Mohammed,TBD,owner identity unresolved — letter uses 'Homeowner' fallback
Homeowner,100 CRESR RIDGE COURT,Irving,TX,75061,2026-10-06,152000,Mohammed,TBD,owner identity unresolved — letter uses 'Homeowner' fallback
Homeowner,1012 Ashmount Ln,Arlington,TX,76017,2026-10-06,127200,Mohammed,TBD,owner identity unresolved — letter uses 'Homeowner' fallback
Homeowner,1001 Trellis Way,Garland,TX,75040,2026-10-06,108500,Mohammed,TBD,owner identity unresolved — letter uses 'Homeowner' fallback
Homeowner,10231 GRAY OAK LANE,Fort Worth,TX,76108,2026-10-06,91500,Mohammed,TBD,owner identity unresolved — letter uses 'Homeowner' fallback
Homeowner,1802 Jay Circle,Arlington,TX,76012,the upcoming trustee sale,266000,Mohammed,TBD,owner identity unresolved — letter uses 'Homeowner' fallback
Homeowner,1016 Masters Dr,Mansfield,TX,76063,the upcoming trustee sale,116000,Mohammed,TBD,owner identity unresolved — letter uses 'Homeowner' fallback
Homeowner,4040 8th Ave,Fort Worth,TX,76110,the upcoming trustee sale,106000,Mohammed,TBD,owner identity unresolved — letter uses 'Homeowner' fallback
Homeowner,2614 Mystic Trl,Rowlett,TX,75088,the upcoming trustee sale,96700,Mohammed,TBD,owner identity unresolved — letter uses 'Homeowner' fallback
Homeowner,1513 Skyline Dr,River Oaks,TX,76114,the upcoming trustee sale,78000,Mohammed,TBD,owner identity unresolved — letter uses 'Homeowner' fallback
Homeowner,2716 Cedar Park Boulevard,Richland Hills,TX,76118,the upcoming trustee sale,60000,Mohammed,TBD,owner identity unresolved — letter uses 'Homeowner' fallback
Homeowner,3700 Kelvin Avenue,Fort Worth,TX,76133,the upcoming trustee sale,58000,Mohammed,TBD,owner identity unresolved — letter uses 'Homeowner' fallback
Homeowner,109 Hardin Dr,Arlington,TX,76018,the upcoming trustee sale,58000,Mohammed,TBD,owner identity unresolved — letter uses 'Homeowner' fallback
Homeowner,110 N Marlborough Ave,Dallas,TX,75208,the upcoming trustee sale,52000,Mohammed,TBD,owner identity unresolved — letter uses 'Homeowner' fallback
Homeowner,6401 Calmont Ave,Fort Worth,TX,76116,the upcoming trustee sale,46000,Mohammed,TBD,owner identity unresolved — letter uses 'Homeowner' fallback
Homeowner,7432 Ashbourne Way,Fort Worth,TX,76133,the upcoming trustee sale,44000,Mohammed,TBD,owner identity unresolved — letter uses 'Homeowner' fallback
Homeowner,316 Hickorywood St,Azle,TX,76020,the upcoming trustee sale,38000,Mohammed,TBD,owner identity unresolved — letter uses 'Homeowner' fallback
Homeowner,116 S Ravinia Drive,Dallas,TX,75211,the upcoming trustee sale,,Mohammed,TBD,owner identity unresolved — letter uses 'Homeowner' fallback
Homeowner,527 S Clinton Ave,Dallas,TX,75208,the upcoming trustee sale,,Mohammed,TBD,owner identity unresolved — letter uses 'Homeowner' fallback
Homeowner,8827 Rustown Drive,Dallas,TX,75228,the upcoming trustee sale,,Mohammed,TBD,owner identity unresolved — letter uses 'Homeowner' fallback
Homeowner,6006 Spring Glen Drive,Dallas,TX,75232,the upcoming trustee sale,,Mohammed,TBD,owner identity unresolved — letter uses 'Homeowner' fallback
Homeowner,6302 Pool View Dr,Dallas,TX,75249,the upcoming trustee sale,,Mohammed,TBD,owner identity unresolved — letter uses 'Homeowner' fallback
Homeowner,3218 Weather Vane Ln,Dallas,TX,75217,the upcoming trustee sale,,Mohammed,TBD,owner identity unresolved — letter uses 'Homeowner' fallback
Homeowner,7016 Antler Ave,Dallas,TX,75228,the upcoming trustee sale,,Mohammed,TBD,owner identity unresolved — letter uses 'Homeowner' fallback
Homeowner,426 Calyx Cir,Dallas,TX,75216,the upcoming trustee sale,,Mohammed,TBD,owner identity unresolved — letter uses 'Homeowner' fallback
Homeowner,3304 W Camp Wisdom Rd,Dallas,TX,75237,the upcoming trustee sale,,Mohammed,TBD,owner identity unresolved — letter uses 'Homeowner' fallback
Homeowner,3409 Indian Trl,Rowlett,TX,75088,the upcoming trustee sale,,Mohammed,TBD,owner identity unresolved — letter uses 'Homeowner' fallback
Homeowner,1318 Boulder Drive,Cedar Hill,TX,75104,the upcoming trustee sale,,Mohammed,TBD,owner identity unresolved — letter uses 'Homeowner' fallback
Homeowner,971 Bluffview Drive,Hutchins,TX,75141,the upcoming trustee sale,,Mohammed,TBD,owner identity unresolved — letter uses 'Homeowner' fallback
Homeowner,5318 Luna Circle,Rowlett,TX,75088,the upcoming trustee sale,,Mohammed,TBD,owner identity unresolved — letter uses 'Homeowner' fallback
Homeowner,1004 Forest Ridge Dr,Bedford,TX,76022,the upcoming trustee sale,,Mohammed,TBD,owner identity unresolved — letter uses 'Homeowner' fallback
Homeowner,1002 MONTCLAIR DR,Garland,TX,75040,2026-10-06,,Mohammed,TBD,owner identity unresolved — letter uses 'Homeowner' fallback
Homeowner,1005 HOLLOW OAK ROAD,Lancaster,TX,75134,2026-10-06,,Mohammed,TBD,owner identity unresolved — letter uses 'Homeowner' fallback
Homeowner,1007 SUMNER DR,Mesquite,TX,75104,2026-10-06,,Mohammed,TBD,owner identity unresolved — letter uses 'Homeowner' fallback
Homeowner,1008 Waterview Dr.,Cedar Hill,TX,75104,2026-10-06,,Mohammed,TBD,owner identity unresolved — letter uses 'Homeowner' fallback
