first_name,last_name,phone,email
Anthony,Lopez,+14696852560,anthony.lopez@yahoo.com
Richard,Gonzalez,+19724833218,richard37@gmail.com
Samantha,Morris,+17269987766,samantha.morris@aol.com
Harold,Wright,+14323351147,hwright@aol.com
Jerry,Hall,+14322157500,jerry45@hotmail.com
Donna,Gray,+12102476408,donna41@hotmail.com
Jonathan,Price,+14698544112,jonathan.price@hotmail.com
Janet,Brown,+12542382982,jbrown@hotmail.com
Peter,Watson,+18068038045,peter.watson@hotmail.com
Kevin,Howard,+12144281596,khoward@aol.com
Sandra,Foster,+19153091960,sandra.foster@gmail.com
Kenneth,Nelson,+18063528886,kenneth.nelson@hotmail.com
William,Parker,+18066198053,william.parker@outlook.com
Mark,Gonzalez,+12144136705,mark.gonzalez@aol.com
Matthew,Gonzalez,+19729195232,matthew.gonzalez@yahoo.com
Brian,Patel,+16826176238,brian.patel@yahoo.com
Emma,Kim,+19157473622,emma45@outlook.com
Harold,Thompson,+14095855315,hthompson@hotmail.com
Douglas,Garcia,+18322078379,douglas47@yahoo.com
Kathleen,Hernandez,+16824679665,kathleen.hernandez@outlook.com
Scott,Gomez,+19038093923,scott.gomez@gmail.com
Betty,Reed,+14696811240,betty.reed@gmail.com
Daniel,Price,+12146327673,daniel.price@outlook.com
Pamela,Sanchez,+14697641212,pamela.sanchez@gmail.com
Cynthia,Williams,+14693077468,cynthia6@hotmail.com
Katherine,Brown,+14692897003,katherine14@outlook.com
Amy,Lewis,+14324944348,alewis@gmail.com
Paul,Allen,+16829825954,pallen@yahoo.com
Patricia,Bailey,+14325807785,patricia.bailey@outlook.com
Catherine,Ramos,+19036738534,catherine.ramos@yahoo.com
Richard,Gomez,+18322878563,richard.gomez@yahoo.com
Katherine,Clark,+12548805409,katherine.clark@outlook.com
Jerry,Phillips,+19722387924,jerry.phillips@aol.com
Eric,Alvarez,+14323886667,eric.alvarez@yahoo.com
Jeffrey,Morales,+13616295677,jeffrey60@outlook.com
Kenneth,Martin,+14697272951,kmartin@gmail.com
Cynthia,Evans,+12142002739,cynthia.evans@outlook.com
Jason,Sanders,+13615545095,jason.sanders@gmail.com
Steven,Roberts,+14326618926,steven.roberts@outlook.com
Brian,Allen,+12545088545,brian.allen@yahoo.com
Christopher,Jones,+13619025360,christopher.jones@yahoo.com
Barbara,Carter,+14095867304,barbara.carter@yahoo.com
Jeffrey,Wood,+18069979128,jeffrey.wood@outlook.com
Janet,White,+14692001589,janet.white@yahoo.com
Christine,Alvarez,+14699929047,calvarez@gmail.com
Raymond,Richardson,+17268698359,rrichardson@gmail.com
Peter,Murphy,+18174616157,peter14@gmail.com
Anthony,Reyes,+14696354810,anthony49@hotmail.com
Michael,Evans,+19036369177,michael.evans@yahoo.com
Pamela,Ramirez,+12146456786,pamela.ramirez@yahoo.com
Patricia,Jackson,+18066483961,patricia.jackson@yahoo.com
James,Parker,+18069042686,james15@yahoo.com
Alexander,Adams,+16827967943,aadams@hotmail.com
Carolyn,Cook,+14329625881,carolyn.cook@outlook.com
Joshua,Hill,+19034221737,joshua.hill@yahoo.com
Carolyn,Harris,+19726202052,carolyn.harris@outlook.com
Amanda,Wright,+18068635956,awright@hotmail.com
Anthony,Morales,+14094953039,anthony.morales@yahoo.com
Rachel,Ruiz,+14096844385,rachel.ruiz@yahoo.com
Peter,Sanchez,+18068454700,peter.sanchez@outlook.com
Dennis,Parker,+12142094410,dennis.parker@outlook.com
Douglas,Mitchell,+12149595214,douglas.mitchell@gmail.com
Anthony,Myers,+18176636509,anthony92@gmail.com
Jennifer,Wilson,+19034608506,jwilson@outlook.com
Margaret,Anderson,+14323062197,margaret.anderson@yahoo.com
George,Bailey,+14094487899,george.bailey@yahoo.com
George,Flores,+17263188279,gflores@outlook.com
Christopher,Brooks,+18062208296,christopher1@yahoo.com
Nicole,Anderson,+18062432095,nicole45@gmail.com
William,Morgan,+15122652533,william.morgan@hotmail.com
Anna,Lewis,+14322908151,anna.lewis@gmail.com
Margaret,Walker,+18326448593,margaret.walker@outlook.com
Michelle,Kim,+19038025736,michelle.kim@yahoo.com
Maria,Wilson,+19727031623,maria.wilson@gmail.com
Donna,Clark,+17132009443,donna.clark@yahoo.com
Daniel,Wilson,+19723092180,daniel.wilson@gmail.com
Samantha,Martinez,+19722679718,samantha.martinez@gmail.com
Jerry,Reyes,+18064084994,jerry38@aol.com
Amy,Flores,+18177456049,aflores@outlook.com
Sarah,Jones,+14697634689,sarah.jones@outlook.com
Ronald,Ross,+18328411545,ronald.ross@gmail.com
Jonathan,Chavez,+12143327886,jchavez@hotmail.com
Matthew,Wood,+12546977664,mwood@hotmail.com
Rebecca,Lopez,+18068849216,rlopez@hotmail.com
Richard,Turner,+18178954595,richard.turner@outlook.com
Robert,Clark,+19728202905,robert.clark@outlook.com
Betty,Ross,+12146413356,betty.ross@yahoo.com
Christine,Howard,+14323499212,christine.howard@outlook.com
George,Ramos,+12145815877,gramos@yahoo.com
Benjamin,Brown,+15129979045,benjamin.brown@outlook.com
Emily,Flores,+14329879907,eflores@outlook.com
Charles,Kelly,+19158361788,ckelly@outlook.com
Henry,Hall,+17265622848,henry.hall@outlook.com
George,Collins,+18172615292,george.collins@gmail.com
Peter,Robinson,+18062753530,peter.robinson@yahoo.com
Brandon,Green,+14693733224,brandon84@gmail.com
Joshua,Mendoza,+17267296789,joshua48@outlook.com
Anthony,Cox,+19722566767,anthony.cox@gmail.com
Emily,Cook,+12148622123,emily72@aol.com
Ashley,Smith,+18175911698,ashley.smith@yahoo.com
Emma,Gonzalez,+17265481424,egonzalez@gmail.com
Donna,Torres,+14699979503,dtorres@aol.com
Helen,Lewis,+14698063346,helen.lewis@outlook.com
Timothy,Campbell,+12544627812,tcampbell@hotmail.com
Emily,King,+16826119393,emily.king@outlook.com
Carol,Rodriguez,+12147851521,carol.rodriguez@gmail.com
Henry,Sanders,+14093139770,henry.sanders@outlook.com
Samantha,Green,+14698031775,samantha.green@gmail.com
Jason,Campbell,+18069787628,jason.campbell@yahoo.com
Douglas,Bennett,+12107443697,douglas.bennett@outlook.com
Timothy,Garcia,+19729393366,timothy.garcia@yahoo.com
Jack,Ward,+14329589021,jack.ward@aol.com
Peter,Ramirez,+19155815826,peter.ramirez@gmail.com
Thomas,Parker,+18064643259,thomas.parker@outlook.com
Heather,Hughes,+14324885320,heather.hughes@yahoo.com
Patrick,Price,+14327839648,patrick.price@aol.com
George,Long,+14325381266,george.long@hotmail.com
Karen,Alvarez,+13613871608,karen.alvarez@aol.com
Kevin,Stewart,+12143728784,kevin.stewart@aol.com
George,Gomez,+18069551672,george.gomez@gmail.com
Richard,Bennett,+12107739896,richard59@aol.com
Jerry,Wood,+14698956885,jerry.wood@gmail.com
Sharon,Clark,+14323983095,sharon.clark@outlook.com
Tyler,Watson,+15129151700,tyler73@outlook.com
Patricia,Phillips,+14324772080,pphillips@hotmail.com
Catherine,Torres,+14699058107,catherine.torres@gmail.com
James,Nelson,+12145753630,jnelson@hotmail.com
Dorothy,Scott,+12143441012,dscott@outlook.com
Samantha,Richardson,+12546318932,samantha.richardson@outlook.com
Emma,Flores,+14696753192,emma.flores@yahoo.com
Raymond,Stewart,+12544487877,raymond.stewart@yahoo.com
Maria,Perez,+18062831416,mperez@hotmail.com
Jack,Carter,+14329128066,jcarter@aol.com
Carolyn,Nelson,+18069824168,carolyn.nelson@yahoo.com
Elizabeth,Clark,+19723236503,eclark@hotmail.com
Rachel,Peterson,+19159657000,rachel.peterson@gmail.com
Harold,Jones,+17262156289,harold.jones@gmail.com
Angela,Gonzalez,+16826603192,angela.gonzalez@hotmail.com
Eric,Ross,+17266702144,eric.ross@hotmail.com
Ryan,Evans,+19724077959,ryan31@gmail.com
George,Clark,+14693248071,gclark@aol.com
Christopher,Martinez,+12819286007,christopher74@hotmail.com
Pamela,James,+19722086526,pamela.james@gmail.com
Timothy,Johnson,+18069743501,timothy.johnson@outlook.com
Patricia,Harris,+19725694085,patricia.harris@yahoo.com
Donald,Hill,+12542531645,donald.hill@hotmail.com
George,Sanders,+16823139782,george37@outlook.com
Sandra,Ortiz,+12144975389,sandra32@aol.com
Rebecca,Edwards,+12144763616,rebecca87@hotmail.com
Maria,Ward,+12149969493,mward@yahoo.com
Catherine,Morgan,+13613277654,catherine.morgan@outlook.com
Benjamin,Edwards,+12145051921,benjamin.edwards@outlook.com
Nancy,Nguyen,+17377378865,nancy.nguyen@outlook.com
James,Davis,+17134354332,james.davis@outlook.com
Brian,King,+14696724119,bking@hotmail.com
Zachary,Garcia,+12815656864,zgarcia@aol.com
Rebecca,Howard,+15125969413,rebecca48@gmail.com
Stephen,Wright,+18067028184,stephen.wright@hotmail.com
Barbara,Gomez,+12142937675,barbara.gomez@yahoo.com
Zachary,White,+18329858007,zachary.white@gmail.com
Ryan,Stewart,+12545499806,ryan.stewart@gmail.com
Stephen,Turner,+17132097120,sturner@hotmail.com
Timothy,Ramirez,+14097048163,tramirez@hotmail.com
Kimberly,Martin,+19728423435,kimberly37@gmail.com
Michael,Ramirez,+16822995955,michael59@hotmail.com
Laura,Reed,+14692415160,laura15@yahoo.com
Robert,Hernandez,+19036839307,rhernandez@outlook.com
Linda,Ruiz,+18173794477,linda.ruiz@yahoo.com
Amanda,Adams,+12143713927,amanda.adams@yahoo.com
John,Evans,+18322184594,jevans@aol.com
Patricia,Watson,+16829619644,pwatson@aol.com
Henry,Hall,+13618104666,henry.hall@outlook.com
Christine,Rivera,+13619164214,christine.rivera@outlook.com
Jose,Ramirez,+14327886349,jose.ramirez@yahoo.com
Daniel,Green,+14099337043,dgreen@outlook.com
Amanda,Hill,+18063162706,amanda.hill@aol.com
John,Sanchez,+12108036721,jsanchez@yahoo.com
Helen,Carter,+12147124123,hcarter@hotmail.com
Larry,Harris,+14094143090,larry.harris@hotmail.com
Deborah,Johnson,+12149768877,deborah.johnson@outlook.com
Stephanie,Mitchell,+14698857498,stephanie.mitchell@gmail.com
Heather,Cox,+14093989520,hcox@yahoo.com
Jason,Rogers,+19158215116,jrogers@outlook.com
Peter,King,+19035204319,peter38@gmail.com
Sandra,Wilson,+18066527710,sandra38@hotmail.com
Kevin,Morgan,+14692967196,kevin42@outlook.com
Amy,Parker,+12108546725,amy.parker@gmail.com
Tyler,Mendoza,+14323409912,tyler.mendoza@yahoo.com
Catherine,White,+14322877683,catherine.white@outlook.com
George,Castillo,+12147875749,george.castillo@gmail.com
Harold,Johnson,+14329716696,harold.johnson@yahoo.com
Catherine,Lee,+12542896583,clee@yahoo.com
Kathleen,Allen,+14092994698,kathleen.allen@gmail.com
Benjamin,Lopez,+16827412034,benjamin.lopez@gmail.com
Susan,Jones,+18063636819,sjones@outlook.com
Brandon,King,+14694295214,brandon.king@outlook.com
Matthew,Torres,+19032771962,matthew.torres@gmail.com
Helen,Phillips,+14099371816,helen.phillips@outlook.com
Betty,Jones,+19727506026,betty.jones@gmail.com
Henry,Martin,+14329931813,henry.martin@yahoo.com
Alexander,Ramirez,+17132969932,alexander.ramirez@yahoo.com
Karen,Gomez,+18063546149,kgomez@gmail.com
Thomas,Smith,+16829956379,thomas67@gmail.com
Patrick,Green,+12146657500,patrick.green@hotmail.com
Kevin,Scott,+14697423372,kevin45@outlook.com
Helen,Kim,+14327126386,helen.kim@outlook.com
Linda,Turner,+18325269926,linda.turner@yahoo.com
James,Kim,+18062341165,jkim@aol.com
Michelle,Thomas,+17139462258,michelle60@hotmail.com
Angela,Cruz,+16823183844,acruz@yahoo.com
Eric,Martin,+14099142962,eric28@aol.com
Patricia,Hill,+12149343244,patricia.hill@outlook.com
Margaret,Hill,+16822111882,mhill@aol.com
Donna,Williams,+13613829888,donna27@gmail.com
Donna,Sanders,+14324166163,dsanders@outlook.com
Sharon,Garcia,+18064786171,sharon73@outlook.com
Larry,Jackson,+19724179399,larry55@gmail.com
David,Harris,+14325044993,david.harris@aol.com
Ronald,Morgan,+18173496364,ronald.morgan@outlook.com
Nathan,Johnson,+14323034851,nathan.johnson@outlook.com
Timothy,Parker,+19033353335,timothy.parker@outlook.com
Frank,Campbell,+12148932288,frank.campbell@gmail.com
Daniel,Roberts,+14693364863,daniel.roberts@outlook.com
Debra,Clark,+19727067346,debra.clark@hotmail.com
Brenda,Morris,+12547853213,bmorris@yahoo.com
Jennifer,Ramirez,+14699067794,jennifer75@aol.com
Daniel,Phillips,+14699302982,daniel.phillips@yahoo.com
Rachel,Wilson,+13619966262,rachel37@aol.com
Brandon,Cooper,+19033061318,brandon79@gmail.com
Edward,Morris,+17266263581,emorris@aol.com
Mary,Torres,+12106293406,mary71@gmail.com
Frank,Parker,+19159752490,frank.parker@outlook.com
Eric,Lee,+19723258722,eric.lee@yahoo.com
Zachary,Ramirez,+14694982656,zachary.ramirez@gmail.com
Karen,Cooper,+17377131663,karen27@aol.com
Sarah,Scott,+14326224864,sarah58@hotmail.com
Jose,Adams,+14325109742,jose80@yahoo.com
Linda,Nguyen,+12107886859,lnguyen@yahoo.com
Anna,Sanders,+14699603722,asanders@aol.com
Barbara,Bennett,+19723308058,barbara16@aol.com
Andrew,Perez,+14095235706,andrew.perez@yahoo.com
Jeffrey,Cooper,+12548794251,jeffrey.cooper@outlook.com
Betty,Rogers,+13613908568,betty.rogers@gmail.com
Stephen,Myers,+18062925388,stephen.myers@outlook.com
Jerry,Lee,+19725389180,jerry.lee@yahoo.com
Brenda,Brown,+12104822563,bbrown@yahoo.com
Joshua,Sanchez,+18066468919,joshua.sanchez@outlook.com
Christopher,Bennett,+14696259904,christopher.bennett@aol.com
Joseph,James,+17379088793,joseph10@outlook.com
David,Cox,+19152876698,david80@aol.com
Debra,Turner,+19727512720,debra.turner@outlook.com
Margaret,Parker,+13612553699,margaret.parker@yahoo.com
Nathan,Thomas,+17268738643,nathan.thomas@gmail.com
Donald,Stewart,+16828213106,donald.stewart@yahoo.com
Anthony,Mitchell,+19039233771,anthony.mitchell@gmail.com
Frank,Wood,+14327285498,frank.wood@outlook.com
Christopher,Green,+19722151086,cgreen@gmail.com
Pamela,Evans,+13617199019,pamela.evans@gmail.com
Zachary,Nguyen,+14322176131,zachary.nguyen@gmail.com
Kenneth,Chavez,+18322131374,kchavez@gmail.com
Cynthia,Phillips,+18172179202,cphillips@aol.com
Patrick,Carter,+16829418001,patrick33@yahoo.com
Jack,Williams,+16829829283,jwilliams@outlook.com
Shirley,Thompson,+14695784333,shirley.thompson@outlook.com
Frank,Collins,+18064176246,frank.collins@yahoo.com
Cynthia,Kelly,+17137385088,cynthia.kelly@gmail.com
Zachary,Lopez,+13613303786,zachary45@yahoo.com
Peter,Young,+19725328769,pyoung@aol.com
Gregory,Cook,+14697825798,gregory53@gmail.com
Christine,Kim,+12149921851,christine.kim@hotmail.com
Jose,Evans,+18064551153,jose.evans@hotmail.com
Amanda,Alvarez,+12143375580,amanda.alvarez@gmail.com
Jacob,Reed,+12147313521,jreed@hotmail.com
Mary,Bennett,+12144832981,mary54@outlook.com
Amy,Turner,+19724041582,amy.turner@gmail.com
Amanda,Cox,+12143124895,amanda.cox@aol.com
Stephanie,Taylor,+14328518497,stephanie8@hotmail.com
Linda,Mendoza,+14325731817,lmendoza@outlook.com
Alexander,Kim,+18069419635,akim@gmail.com
Mark,Peterson,+18062822473,mark.peterson@aol.com
John,Torres,+18065439170,jtorres@gmail.com
Helen,Miller,+14322445201,helen40@aol.com
Emily,Reed,+18177059154,ereed@outlook.com
Mary,Green,+14094463616,mary.green@aol.com
Jack,Bennett,+14093062501,jack31@gmail.com
Jerry,Stewart,+19156864729,jstewart@aol.com
Sandra,Howard,+19154052151,showard@aol.com
Helen,Ramos,+18176295759,hramos@outlook.com
Elizabeth,Carter,+19723312045,elizabeth.carter@outlook.com
Helen,Clark,+19037063986,helen2@outlook.com
Jonathan,Morales,+13614766550,jonathan.morales@outlook.com
Zachary,Lee,+18174508283,zachary.lee@gmail.com
Andrew,King,+19154946392,aking@outlook.com
Nathan,Brown,+12549235546,nathan55@yahoo.com
Elizabeth,Collins,+12147891065,ecollins@yahoo.com
Katherine,Alvarez,+14329118580,kalvarez@yahoo.com
Timothy,Rodriguez,+12144106430,timothy58@outlook.com
Nancy,Sanchez,+14097221617,nsanchez@outlook.com
Laura,Collins,+19727228474,lcollins@aol.com
Joseph,Jimenez,+13616339986,jjimenez@outlook.com
