lead_id,first_name,last_name,phone,email,company,address,city,state,zip,lead_type,distress_signal,motivation_profile,asking_price,est_equity,score,grade,source,status
TX-S-0061,Anthony,Lopez,+14696852560,anthony.lopez@yahoo.com,,4881 Adams Ave,Dallas,TX,75226,Seller,Judgment,Inherited Property - Not Interested,476621,148276,98,A+,Texas Lead Gen,NEW
TX-S-0077,Richard,Gonzalez,+19724833218,richard37@gmail.com,,1321 Summit Ln,Garland,TX,75040,Seller,Utility Shutoff,Tax Lien & Pre-Foreclosure Opportunity,798802,57267,98,A+,Texas Lead Gen,NEW
TX-S-0100,Samantha,Morris,+17269987766,samantha.morris@aol.com,,1764 Garden Pkwy,San Antonio,TX,78210,Seller,Eviction,Vacant Property - High Equity,818078,391813,98,A+,Texas Lead Gen,NEW
TX-S-0120,Harold,Wright,+14323351147,hwright@aol.com,,7176 Maple Ct,Midland,TX,79799,Seller,Absentee Owner,Out-of-State Absentee Landlord,286465,306906,98,A+,Texas Lead Gen,NEW
TX-S-0165,Jerry,Hall,+14322157500,jerry45@hotmail.com,,6110 Washington Ct,Midland,TX,79785,Seller,Lien,Property in Probate - Estate Settlement,256798,165098,98,A+,Texas Lead Gen,NEW
TX-S-0043,Donna,Gray,+12102476408,donna41@hotmail.com,,5168 Jackson Ave,San Antonio,TX,78203,Seller,Code Violation,Inherited Family Estate (Probate),890281,397243,97,A+,Texas Lead Gen,NEW
TX-S-0050,Jonathan,Price,+14698544112,jonathan.price@hotmail.com,,5545 Innovation Pkwy,Irving,TX,75053,Seller,Pre-Foreclosure,Avoiding Foreclosure Auction,756911,381449,97,A+,Texas Lead Gen,NEW
TX-S-0059,Janet,Brown,+12542382982,jbrown@hotmail.com,,8755 Oak Pl,Waco,TX,76753,Seller,Eviction,Tax Lien & Pre-Foreclosure Opportunity,847055,88220,97,A+,Texas Lead Gen,NEW
TX-S-0191,Peter,Watson,+18068038045,peter.watson@hotmail.com,,9378 Ridge Blvd,Amarillo,TX,79128,Seller,Vacant Property,Job Relocation - Must Sell Fast,626757,228837,97,A+,Texas Lead Gen,NEW
TX-S-0013,Kevin,Howard,+12144281596,khoward@aol.com,,375 Lincoln Rd,Garland,TX,75048,Seller,Utility Shutoff,Vacant Property - High Equity,855735,251978,96,A+,Texas Lead Gen,NEW
TX-S-0064,Sandra,Foster,+19153091960,sandra.foster@gmail.com,,5245 Business Pl,El Paso,TX,79911,Seller,Eviction,Property in Probate - Estate Settlement,820973,201114,96,A+,Texas Lead Gen,NEW
TX-S-0081,Kenneth,Nelson,+18063528886,kenneth.nelson@hotmail.com,,8261 Summit Ave,Amarillo,TX,79185,Seller,Lien,Inherited Family Estate (Probate),454603,199800,96,A+,Texas Lead Gen,NEW
TX-S-0088,William,Parker,+18066198053,william.parker@outlook.com,,4006 Elm St,Lubbock,TX,79480,Seller,Bankruptcy,Tax Lien & Pre-Foreclosure Opportunity,941062,349771,96,A+,Texas Lead Gen,NEW
TX-S-0034,Mark,Gonzalez,+12144136705,mark.gonzalez@aol.com,,2723 Monroe Ct,McKinney,TX,75070,Seller,High Equity,Inherited Property - Not Interested,579630,391964,95,A+,Texas Lead Gen,NEW
TX-S-0039,Matthew,Gonzalez,+19729195232,matthew.gonzalez@yahoo.com,,9688 Cedar Ave,Garland,TX,75041,Seller,Bankruptcy,Vacant Property - High Equity,568051,381126,95,A+,Texas Lead Gen,NEW
TX-S-0045,Brian,Patel,+16826176238,brian.patel@yahoo.com,,895 Sunset Way,Arlington,TX,76091,Seller,Absentee Owner,Inherited Property - Not Interested,941930,197497,95,A+,Texas Lead Gen,NEW
TX-S-0104,Emma,Kim,+19157473622,emma45@outlook.com,,1133 Maple Dr,El Paso,TX,79935,Seller,Bankruptcy,Out-of-State Absentee Landlord,902945,84795,95,A+,Texas Lead Gen,NEW
TX-S-0113,Harold,Thompson,+14095855315,hthompson@hotmail.com,,1094 Jefferson Ct,Beaumont,TX,77735,Seller,Bankruptcy,Avoiding Foreclosure Auction,654278,186751,95,A+,Texas Lead Gen,NEW
TX-S-0184,Douglas,Garcia,+18322078379,douglas47@yahoo.com,,9081 Sunset Dr,Houston,TX,77053,Seller,High Equity,Divorce Settlement Required,437516,150700,95,A+,Texas Lead Gen,NEW
TX-S-0190,Kathleen,Hernandez,+16824679665,kathleen.hernandez@outlook.com,,4952 Canyon Pl,Fort Worth,TX,76180,Seller,Bankruptcy,Behind on Mortgage Payments,703876,57996,95,A+,Texas Lead Gen,NEW
TX-B-0014,Scott,Gomez,+19038093923,scott.gomez@gmail.com,,,Tyler,TX,,Buyer,,REIT,0,0,95,A+,Texas Lead Gen,NEW
TX-B-0034,Betty,Reed,+14696811240,betty.reed@gmail.com,,,Irving,TX,,Buyer,,Buy and Hold,0,0,95,A+,Texas Lead Gen,NEW
TX-B-0037,Daniel,Price,+12146327673,daniel.price@outlook.com,Aaron Group,,Dallas,TX,,Buyer,,Buy and Hold,0,0,95,A+,Texas Lead Gen,NEW
TX-B-0079,Pamela,Sanchez,+14697641212,pamela.sanchez@gmail.com,,,Frisco,TX,,Buyer,,Wholesaler,0,0,95,A+,Texas Lead Gen,NEW
TX-S-0032,Cynthia,Williams,+14693077468,cynthia6@hotmail.com,,4568 River St,Dallas,TX,75261,Seller,Fire Damage,Property in Probate - Estate Settlement,836423,266068,94,A+,Texas Lead Gen,NEW
TX-S-0099,Katherine,Brown,+14692897003,katherine14@outlook.com,,4289 Cedar Pkwy,McKinney,TX,75070,Seller,Utility Shutoff,Vacant Property - High Equity,545314,124430,94,A+,Texas Lead Gen,NEW
TX-S-0122,Amy,Lewis,+14324944348,alewis@gmail.com,,9340 Innovation Pl,Odessa,TX,79768,Seller,Judgment,Job Relocation - Must Sell Fast,335609,184210,94,A+,Texas Lead Gen,NEW
TX-S-0193,Paul,Allen,+16829825954,pallen@yahoo.com,,5505 Jefferson Dr,Fort Worth,TX,76124,Seller,Code Violation,Divorce Settlement Required,845976,102064,94,A+,Texas Lead Gen,NEW
TX-B-0052,Patricia,Bailey,+14325807785,patricia.bailey@outlook.com,Katherine Developments,,Midland,TX,,Buyer,,Buy and Hold,0,0,94,A+,Texas Lead Gen,NEW
TX-B-0057,Catherine,Ramos,+19036738534,catherine.ramos@yahoo.com,Douglas Holdings,,Tyler,TX,,Buyer,,Developer,0,0,94,A+,Texas Lead Gen,NEW
TX-B-0068,Richard,Gomez,+18322878563,richard.gomez@yahoo.com,Eric Capital Partners,,Houston,TX,,Buyer,,Wholesaler,0,0,94,A+,Texas Lead Gen,NEW
TX-B-0071,Katherine,Clark,+12548805409,katherine.clark@outlook.com,Helen Solutions,,Waco,TX,,Buyer,,Wholesaler,0,0,94,A+,Texas Lead Gen,NEW
TX-S-0025,Jerry,Phillips,+19722387924,jerry.phillips@aol.com,,3560 Enterprise Dr,Irving,TX,75049,Seller,Fire Damage,Distressed Property - Code Violations,424389,151398,93,A+,Texas Lead Gen,NEW
TX-S-0044,Eric,Alvarez,+14323886667,eric.alvarez@yahoo.com,,4674 Sunset St,Midland,TX,79763,Seller,Code Violation,Property in Probate - Estate Settlement,612210,211739,93,A+,Texas Lead Gen,NEW
TX-S-0071,Jeffrey,Morales,+13616295677,jeffrey60@outlook.com,,7551 River Rd,Corpus Christi,TX,78497,Seller,Pre-Foreclosure,Divorce Settlement Required,778184,165686,93,A+,Texas Lead Gen,NEW
TX-S-0124,Kenneth,Martin,+14697272951,kmartin@gmail.com,,2261 Harrison Blvd,Garland,TX,75041,Seller,Pre-Foreclosure,Tired Landlord - Ready to Exit,216198,340799,93,A+,Texas Lead Gen,NEW
TX-S-0145,Cynthia,Evans,+12142002739,cynthia.evans@outlook.com,,9991 Maple Blvd,Dallas,TX,75211,Seller,Condemned,Financial Hardship - Needs Cash,875273,75380,93,A+,Texas Lead Gen,NEW
TX-B-0080,Jason,Sanders,+13615545095,jason.sanders@gmail.com,,,Corpus Christi,TX,,Buyer,,Buy and Hold,0,0,93,A+,Texas Lead Gen,NEW
TX-B-0094,Steven,Roberts,+14326618926,steven.roberts@outlook.com,Alexander Home Buyers,,Odessa,TX,,Buyer,,Investor,0,0,93,A+,Texas Lead Gen,NEW
TX-B-0008,Brian,Allen,+12545088545,brian.allen@yahoo.com,,,Waco,TX,,Buyer,,Cash Buyer,0,0,92,A+,Texas Lead Gen,NEW
TX-B-0016,Christopher,Jones,+13619025360,christopher.jones@yahoo.com,Ronald Investments,,Corpus Christi,TX,,Buyer,,Developer,0,0,92,A+,Texas Lead Gen,NEW
TX-B-0019,Barbara,Carter,+14095867304,barbara.carter@yahoo.com,,,Beaumont,TX,,Buyer,,REIT,0,0,92,A+,Texas Lead Gen,NEW
TX-B-0064,Jeffrey,Wood,+18069979128,jeffrey.wood@outlook.com,Charles Capital Partners,,Lubbock,TX,,Buyer,,Buy and Hold,0,0,92,A+,Texas Lead Gen,NEW
TX-B-0086,Janet,White,+14692001589,janet.white@yahoo.com,Amy Acquisitions,,Garland,TX,,Buyer,,Investor,0,0,92,A+,Texas Lead Gen,NEW
TX-S-0047,Christine,Alvarez,+14699929047,calvarez@gmail.com,,3939 Garden Ave,Frisco,TX,75033,Seller,Bankruptcy,Divorce Settlement Required,617496,83823,91,A+,Texas Lead Gen,NEW
TX-S-0063,Raymond,Richardson,+17268698359,rrichardson@gmail.com,,8621 Madison Rd,San Antonio,TX,78246,Seller,Vacant Property,Job Relocation - Must Sell Fast,160217,145483,91,A+,Texas Lead Gen,NEW
TX-S-0086,Peter,Murphy,+18174616157,peter14@gmail.com,,6181 Highland Pl,Arlington,TX,76002,Seller,Pre-Foreclosure,Avoiding Foreclosure Auction,458929,240286,91,A+,Texas Lead Gen,NEW
TX-S-0135,Anthony,Reyes,+14696354810,anthony49@hotmail.com,,6287 Monroe Dr,Plano,TX,75045,Seller,Probate,Absentee Owner - Lives Out of State,237879,306986,91,A+,Texas Lead Gen,NEW
TX-B-0002,Michael,Evans,+19036369177,michael.evans@yahoo.com,Carolyn Properties,,Tyler,TX,,Buyer,,Fix & Flip,0,0,91,A+,Texas Lead Gen,NEW
TX-B-0029,Pamela,Ramirez,+12146456786,pamela.ramirez@yahoo.com,,,Garland,TX,,Buyer,,Cash Buyer,0,0,91,A+,Texas Lead Gen,NEW
TX-B-0073,Patricia,Jackson,+18066483961,patricia.jackson@yahoo.com,Aaron Solutions,,Lubbock,TX,,Buyer,,Wholesaler,0,0,91,A+,Texas Lead Gen,NEW
TX-S-0119,James,Parker,+18069042686,james15@yahoo.com,,3341 Highland Rd,Lubbock,TX,79453,Seller,Eviction,Behind on Mortgage Payments,246689,90779,90,A+,Texas Lead Gen,NEW
TX-S-0167,Alexander,Adams,+16827967943,aadams@hotmail.com,,6493 Washington Way,Arlington,TX,76074,Seller,Absentee Owner,Job Relocation - Must Sell Fast,658858,278663,90,A+,Texas Lead Gen,NEW
TX-S-0187,Carolyn,Cook,+14329625881,carolyn.cook@outlook.com,,1788 Oak Rd,Midland,TX,79729,Seller,Tax Delinquent,Avoiding Foreclosure Auction,220266,317370,90,A+,Texas Lead Gen,NEW
TX-B-0024,Joshua,Hill,+19034221737,joshua.hill@yahoo.com,,,Tyler,TX,,Buyer,,REIT,0,0,90,A+,Texas Lead Gen,NEW
TX-S-0036,Carolyn,Harris,+19726202052,carolyn.harris@outlook.com,,5477 Hickory Ct,Irving,TX,75051,Seller,Eviction,Absentee Owner - Lives Out of State,748658,354168,89,A,Texas Lead Gen,NEW
TX-S-0153,Amanda,Wright,+18068635956,awright@hotmail.com,,2402 Main Ave,Amarillo,TX,79174,Seller,Bankruptcy,Property Needs Major Repairs,567581,255879,89,A,Texas Lead Gen,NEW
TX-B-0050,Anthony,Morales,+14094953039,anthony.morales@yahoo.com,Henry Real Estate,,Beaumont,TX,,Buyer,,Wholesaler,0,0,89,A,Texas Lead Gen,NEW
TX-B-0058,Rachel,Ruiz,+14096844385,rachel.ruiz@yahoo.com,,,Beaumont,TX,,Buyer,,REIT,0,0,89,A,Texas Lead Gen,NEW
TX-B-0067,Peter,Sanchez,+18068454700,peter.sanchez@outlook.com,,,Lubbock,TX,,Buyer,,Wholesaler,0,0,89,A,Texas Lead Gen,NEW
TX-S-0014,Dennis,Parker,+12142094410,dennis.parker@outlook.com,,9351 Enterprise Dr,Dallas,TX,75254,Seller,Absentee Owner,Divorce Settlement Required,211219,170710,88,A,Texas Lead Gen,NEW
TX-S-0029,Douglas,Mitchell,+12149595214,douglas.mitchell@gmail.com,,3876 Valley Ct,Plano,TX,75050,Seller,Pre-Foreclosure,Vacant Property - High Equity,732533,304776,88,A,Texas Lead Gen,NEW
TX-S-0143,Anthony,Myers,+18176636509,anthony92@gmail.com,,6707 Technology Pkwy,Fort Worth,TX,76150,Seller,Condemned,Divorce Settlement Required,750194,169677,88,A,Texas Lead Gen,NEW
TX-S-0199,Jennifer,Wilson,+19034608506,jwilson@outlook.com,,1430 Hill Ln,Tyler,TX,75794,Seller,Judgment,Tired Landlord - Ready to Exit,564230,378173,88,A,Texas Lead Gen,NEW
TX-B-0006,Margaret,Anderson,+14323062197,margaret.anderson@yahoo.com,,,Midland,TX,,Buyer,,Wholesaler,0,0,88,A,Texas Lead Gen,NEW
TX-B-0033,George,Bailey,+14094487899,george.bailey@yahoo.com,Robert Partners,,Beaumont,TX,,Buyer,,Developer,0,0,88,A,Texas Lead Gen,NEW
TX-S-0011,George,Flores,+17263188279,gflores@outlook.com,,7202 Innovation Blvd,San Antonio,TX,78252,Seller,Probate,Inherited Family Estate (Probate),193455,57106,87,A,Texas Lead Gen,NEW
TX-S-0012,Christopher,Brooks,+18062208296,christopher1@yahoo.com,,3149 Pine Dr,Amarillo,TX,79180,Seller,Lien,Absentee Owner - Lives Out of State,761642,388886,87,A,Texas Lead Gen,NEW
TX-S-0057,Nicole,Anderson,+18062432095,nicole45@gmail.com,,7792 Summit Ct,Lubbock,TX,79414,Seller,Code Violation,Absentee Owner - Lives Out of State,413609,373789,87,A,Texas Lead Gen,NEW
TX-S-0142,William,Morgan,+15122652533,william.morgan@hotmail.com,,190 Sunrise Pl,Austin,TX,78783,Seller,Judgment,Vacant Property - High Equity,775431,379319,87,A,Texas Lead Gen,NEW
TX-B-0003,Anna,Lewis,+14322908151,anna.lewis@gmail.com,Carolyn Estates,,Odessa,TX,,Buyer,,Property Manager,0,0,87,A,Texas Lead Gen,NEW
TX-B-0010,Margaret,Walker,+18326448593,margaret.walker@outlook.com,Lisa Properties,,Houston,TX,,Buyer,,Investor,0,0,87,A,Texas Lead Gen,NEW
TX-B-0015,Michelle,Kim,+19038025736,michelle.kim@yahoo.com,William Solutions,,Tyler,TX,,Buyer,,Developer,0,0,87,A,Texas Lead Gen,NEW
TX-B-0041,Maria,Wilson,+19727031623,maria.wilson@gmail.com,Samuel Investments,,Frisco,TX,,Buyer,,Wholesaler,0,0,87,A,Texas Lead Gen,NEW
TX-B-0066,Donna,Clark,+17132009443,donna.clark@yahoo.com,,,Houston,TX,,Buyer,,Fix & Flip,0,0,87,A,Texas Lead Gen,NEW
TX-B-0088,Daniel,Wilson,+19723092180,daniel.wilson@gmail.com,,,Garland,TX,,Buyer,,Wholesaler,0,0,87,A,Texas Lead Gen,NEW
TX-B-0095,Samantha,Martinez,+19722679718,samantha.martinez@gmail.com,Barbara Developments,,Plano,TX,,Buyer,,Investor,0,0,87,A,Texas Lead Gen,NEW
TX-S-0098,Jerry,Reyes,+18064084994,jerry38@aol.com,,4759 Adams Ct,Amarillo,TX,79150,Seller,Tax Delinquent,Inherited Family Estate (Probate),632041,196708,86,A,Texas Lead Gen,NEW
TX-S-0136,Amy,Flores,+18177456049,aflores@outlook.com,,1767 Forest Rd,Fort Worth,TX,76146,Seller,Bankruptcy,Job Relocation - Must Sell Fast,517087,111823,86,A,Texas Lead Gen,NEW
TX-B-0042,Sarah,Jones,+14697634689,sarah.jones@outlook.com,,,Frisco,TX,,Buyer,,Buy and Hold,0,0,86,A,Texas Lead Gen,NEW
TX-B-0055,Ronald,Ross,+18328411545,ronald.ross@gmail.com,,,Houston,TX,,Buyer,,Property Manager,0,0,86,A,Texas Lead Gen,NEW
TX-S-0096,Jonathan,Chavez,+12143327886,jchavez@hotmail.com,,3698 Jefferson Dr,Frisco,TX,75036,Seller,Tax Delinquent,Absentee Owner - Lives Out of State,347375,150341,85,A,Texas Lead Gen,NEW
TX-S-0107,Matthew,Wood,+12546977664,mwood@hotmail.com,,8758 Sunrise Blvd,Waco,TX,76754,Seller,Code Violation,Inherited Property - Not Interested,227293,392607,85,A,Texas Lead Gen,NEW
TX-S-0198,Rebecca,Lopez,+18068849216,rlopez@hotmail.com,,9888 Washington Dr,Lubbock,TX,79497,Seller,Utility Shutoff,Out-of-State Absentee Landlord,272561,347009,85,A,Texas Lead Gen,NEW
TX-B-0021,Richard,Turner,+18178954595,richard.turner@outlook.com,,,Arlington,TX,,Buyer,,Property Manager,0,0,85,A,Texas Lead Gen,NEW
TX-B-0032,Robert,Clark,+19728202905,robert.clark@outlook.com,,,Dallas,TX,,Buyer,,Wholesaler,0,0,85,A,Texas Lead Gen,NEW
TX-B-0056,Betty,Ross,+12146413356,betty.ross@yahoo.com,Ronald Group,,Irving,TX,,Buyer,,REIT,0,0,85,A,Texas Lead Gen,NEW
TX-S-0006,Christine,Howard,+14323499212,christine.howard@outlook.com,,3941 Canyon St,Odessa,TX,79768,Seller,Condemned,Inherited Property - Not Interested,900311,208005,84,A,Texas Lead Gen,NEW
TX-S-0028,George,Ramos,+12145815877,gramos@yahoo.com,,4488 Ridge Blvd,McKinney,TX,75072,Seller,Vacant Property,Tax Lien & Pre-Foreclosure Opportunity,691334,138193,84,A,Texas Lead Gen,NEW
TX-S-0110,Benjamin,Brown,+15129979045,benjamin.brown@outlook.com,,6486 Valley Dr,Austin,TX,78788,Seller,Bankruptcy,Tax Lien & Pre-Foreclosure Opportunity,769795,75057,84,A,Texas Lead Gen,NEW
TX-S-0160,Emily,Flores,+14329879907,eflores@outlook.com,,5198 Ridge St,Midland,TX,79713,Seller,Bankruptcy,Distressed Property - Code Violations,594071,105728,84,A,Texas Lead Gen,NEW
TX-S-0192,Charles,Kelly,+19158361788,ckelly@outlook.com,,4770 Main Ct,El Paso,TX,79963,Seller,Code Violation,Inherited Family Estate (Probate),882250,352317,84,A,Texas Lead Gen,NEW
TX-B-0043,Henry,Hall,+17265622848,henry.hall@outlook.com,Pamela Ventures,,San Antonio,TX,,Buyer,,Buy and Hold,0,0,84,A,Texas Lead Gen,NEW
TX-B-0051,George,Collins,+18172615292,george.collins@gmail.com,Angela Partners,,Fort Worth,TX,,Buyer,,REIT,0,0,84,A,Texas Lead Gen,NEW
TX-B-0061,Peter,Robinson,+18062753530,peter.robinson@yahoo.com,,,Lubbock,TX,,Buyer,,Buy and Hold,0,0,84,A,Texas Lead Gen,NEW
TX-S-0055,Brandon,Green,+14693733224,brandon84@gmail.com,,1644 Technology Pl,Dallas,TX,75263,Seller,Bankruptcy,Avoiding Foreclosure Auction,942309,271280,83,A,Texas Lead Gen,NEW
TX-S-0158,Joshua,Mendoza,+17267296789,joshua48@outlook.com,,3110 Jackson Pl,San Antonio,TX,78290,Seller,Absentee Owner,Tired Landlord - Ready to Exit,469249,160641,83,A,Texas Lead Gen,NEW
TX-B-0062,Anthony,Cox,+19722566767,anthony.cox@gmail.com,Stephen Properties,,Irving,TX,,Buyer,,Investor,0,0,83,A,Texas Lead Gen,NEW
TX-S-0089,Emily,Cook,+12148622123,emily72@aol.com,,5331 Technology Blvd,Dallas,TX,75297,Seller,Judgment,Property Needs Major Repairs,304258,127504,82,A,Texas Lead Gen,NEW
TX-S-0133,Ashley,Smith,+18175911698,ashley.smith@yahoo.com,,3967 Summit Pl,Arlington,TX,76048,Seller,Fire Damage,Property Needs Major Repairs,919502,304783,82,A,Texas Lead Gen,NEW
TX-S-0138,Emma,Gonzalez,+17265481424,egonzalez@gmail.com,,5196 Sunrise Dr,San Antonio,TX,78232,Seller,Eviction,Behind on Mortgage Payments,756456,343446,82,A,Texas Lead Gen,NEW
TX-S-0200,Donna,Torres,+14699979503,dtorres@aol.com,,1590 Enterprise Ct,Dallas,TX,75260,Seller,Absentee Owner,Avoiding Foreclosure Auction,852974,309175,82,A,Texas Lead Gen,NEW
TX-B-0100,Helen,Lewis,+14698063346,helen.lewis@outlook.com,,,Plano,TX,,Buyer,,Developer,0,0,82,A,Texas Lead Gen,NEW
TX-S-0074,Timothy,Campbell,+12544627812,tcampbell@hotmail.com,,4094 Birch Blvd,Waco,TX,76753,Seller,Pre-Foreclosure,Absentee Owner - Lives Out of State,221647,114826,81,A,Texas Lead Gen,NEW
TX-B-0013,Emily,King,+16826119393,emily.king@outlook.com,,,Fort Worth,TX,,Buyer,,Property Manager,0,0,81,A,Texas Lead Gen,NEW
TX-B-0018,Carol,Rodriguez,+12147851521,carol.rodriguez@gmail.com,Alexander Solutions,,Irving,TX,,Buyer,,Property Manager,0,0,81,A,Texas Lead Gen,NEW
TX-B-0022,Henry,Sanders,+14093139770,henry.sanders@outlook.com,Nicholas Home Buyers,,Beaumont,TX,,Buyer,,Buy and Hold,0,0,81,A,Texas Lead Gen,NEW
TX-B-0031,Samantha,Green,+14698031775,samantha.green@gmail.com,Jose Wholesalers,,Garland,TX,,Buyer,,Wholesaler,0,0,81,A,Texas Lead Gen,NEW
TX-B-0076,Jason,Campbell,+18069787628,jason.campbell@yahoo.com,Scott Realty,,Amarillo,TX,,Buyer,,Wholesaler,0,0,81,A,Texas Lead Gen,NEW
TX-B-0084,Douglas,Bennett,+12107443697,douglas.bennett@outlook.com,George Investments,,San Antonio,TX,,Buyer,,Wholesaler,0,0,81,A,Texas Lead Gen,NEW
TX-S-0094,Timothy,Garcia,+19729393366,timothy.garcia@yahoo.com,,5193 Meadow Way,Garland,TX,75041,Seller,Fire Damage,Distressed Property - Code Violations,802149,207084,80,A,Texas Lead Gen,NEW
TX-S-0161,Jack,Ward,+14329589021,jack.ward@aol.com,,4746 Adams Ct,Midland,TX,79703,Seller,Eviction,Inherited Family Estate (Probate),544443,167299,80,A,Texas Lead Gen,NEW
TX-B-0047,Peter,Ramirez,+19155815826,peter.ramirez@gmail.com,Rebecca Group,,El Paso,TX,,Buyer,,Investor,0,0,80,A,Texas Lead Gen,NEW
TX-B-0049,Thomas,Parker,+18064643259,thomas.parker@outlook.com,Sandra Realty,,Amarillo,TX,,Buyer,,Wholesaler,0,0,80,A,Texas Lead Gen,NEW
TX-B-0054,Heather,Hughes,+14324885320,heather.hughes@yahoo.com,Sarah Acquisitions,,Odessa,TX,,Buyer,,Wholesaler,0,0,80,A,Texas Lead Gen,NEW
TX-S-0003,Patrick,Price,+14327839648,patrick.price@aol.com,,2540 Meadow Dr,Odessa,TX,79762,Seller,Probate,Distressed Property - Code Violations,931140,290413,79,B,Texas Lead Gen,NEW
TX-S-0041,George,Long,+14325381266,george.long@hotmail.com,,9677 Highland Pl,Midland,TX,79782,Seller,Vacant Property,Inherited Property - Not Interested,333011,116337,79,B,Texas Lead Gen,NEW
TX-S-0060,Karen,Alvarez,+13613871608,karen.alvarez@aol.com,,9853 Harrison Blvd,Corpus Christi,TX,78411,Seller,Bankruptcy,Job Relocation - Must Sell Fast,192455,237899,79,B,Texas Lead Gen,NEW
TX-S-0134,Kevin,Stewart,+12143728784,kevin.stewart@aol.com,,3287 Walnut Blvd,Irving,TX,75037,Seller,Pre-Foreclosure,Property in Probate - Estate Settlement,432483,231707,79,B,Texas Lead Gen,NEW
TX-S-0144,George,Gomez,+18069551672,george.gomez@gmail.com,,1890 Park Way,Amarillo,TX,79188,Seller,Absentee Owner,Avoiding Foreclosure Auction,666349,372425,79,B,Texas Lead Gen,NEW
TX-S-0159,Richard,Bennett,+12107739896,richard59@aol.com,,6915 Adams Ave,San Antonio,TX,78260,Seller,Absentee Owner,Property in Probate - Estate Settlement,643445,133991,79,B,Texas Lead Gen,NEW
TX-S-0173,Jerry,Wood,+14698956885,jerry.wood@gmail.com,,4623 Adams Ln,Plano,TX,75024,Seller,Judgment,Inherited Family Estate (Probate),666281,320305,79,B,Texas Lead Gen,NEW
TX-B-0065,Sharon,Clark,+14323983095,sharon.clark@outlook.com,,,Midland,TX,,Buyer,,Property Manager,0,0,79,B,Texas Lead Gen,NEW
TX-S-0087,Tyler,Watson,+15129151700,tyler73@outlook.com,,4507 Sunrise Pkwy,Austin,TX,78789,Seller,Code Violation,Out-of-State Absentee Landlord,938489,85354,78,B,Texas Lead Gen,NEW
TX-S-0137,Patricia,Phillips,+14324772080,pphillips@hotmail.com,,4901 Lincoln Blvd,Midland,TX,79770,Seller,Utility Shutoff,Job Relocation - Must Sell Fast,683254,145281,78,B,Texas Lead Gen,NEW
TX-S-0154,Catherine,Torres,+14699058107,catherine.torres@gmail.com,,6220 Peak Dr,Garland,TX,75047,Seller,Judgment,Inherited Family Estate (Probate),387303,161288,78,B,Texas Lead Gen,NEW
TX-S-0157,James,Nelson,+12145753630,jnelson@hotmail.com,,5223 Chestnut Dr,Dallas,TX,75298,Seller,Code Violation,Financial Hardship - Needs Cash,926125,79246,78,B,Texas Lead Gen,NEW
TX-S-0188,Dorothy,Scott,+12143441012,dscott@outlook.com,,3339 Hill Ave,Dallas,TX,75220,Seller,Fire Damage,Property Needs Major Repairs,718106,259056,78,B,Texas Lead Gen,NEW
TX-B-0074,Samantha,Richardson,+12546318932,samantha.richardson@outlook.com,Raymond Holdings,,Waco,TX,,Buyer,,REIT,0,0,78,B,Texas Lead Gen,NEW
TX-B-0083,Emma,Flores,+14696753192,emma.flores@yahoo.com,Melissa Realty,,Frisco,TX,,Buyer,,REIT,0,0,78,B,Texas Lead Gen,NEW
TX-S-0027,Raymond,Stewart,+12544487877,raymond.stewart@yahoo.com,,7258 River Way,Waco,TX,76743,Seller,Code Violation,Inherited Property - Not Interested,424556,205636,77,B,Texas Lead Gen,NEW
TX-S-0035,Maria,Perez,+18062831416,mperez@hotmail.com,,9138 Forest Ave,Lubbock,TX,79498,Seller,Lien,Avoiding Foreclosure Auction,577756,82826,77,B,Texas Lead Gen,NEW
TX-S-0079,Jack,Carter,+14329128066,jcarter@aol.com,,2147 Highland Pl,Odessa,TX,79761,Seller,Absentee Owner,Divorce Settlement Required,817632,138994,77,B,Texas Lead Gen,NEW
TX-S-0115,Carolyn,Nelson,+18069824168,carolyn.nelson@yahoo.com,,3678 Industrial Rd,Amarillo,TX,79182,Seller,Bankruptcy,Financial Hardship - Needs Cash,557133,158319,77,B,Texas Lead Gen,NEW
TX-S-0126,Elizabeth,Clark,+19723236503,eclark@hotmail.com,,9681 Industrial Ln,Plano,TX,75057,Seller,Utility Shutoff,Divorce Settlement Required,277678,205987,77,B,Texas Lead Gen,NEW
TX-B-0020,Rachel,Peterson,+19159657000,rachel.peterson@gmail.com,Edward Realty,,El Paso,TX,,Buyer,,Cash Buyer,0,0,77,B,Texas Lead Gen,NEW
TX-B-0039,Harold,Jones,+17262156289,harold.jones@gmail.com,Ronald Realty,,San Antonio,TX,,Buyer,,REIT,0,0,77,B,Texas Lead Gen,NEW
TX-S-0020,Angela,Gonzalez,+16826603192,angela.gonzalez@hotmail.com,,170 Meadow Ct,Fort Worth,TX,76104,Seller,Code Violation,Tired Landlord - Ready to Exit,226542,177673,76,B,Texas Lead Gen,NEW
TX-S-0033,Eric,Ross,+17266702144,eric.ross@hotmail.com,,8538 Business Ct,San Antonio,TX,78261,Seller,Bankruptcy,Property in Probate - Estate Settlement,305565,251491,76,B,Texas Lead Gen,NEW
TX-S-0072,Ryan,Evans,+19724077959,ryan31@gmail.com,,658 Sunset Ln,Plano,TX,75031,Seller,Tax Delinquent,Out-of-State Absentee Landlord,718404,136810,76,B,Texas Lead Gen,NEW
TX-S-0162,George,Clark,+14693248071,gclark@aol.com,,177 Pine Ave,Dallas,TX,75218,Seller,High Equity,Behind on Mortgage Payments,938926,209461,76,B,Texas Lead Gen,NEW
TX-S-0177,Christopher,Martinez,+12819286007,christopher74@hotmail.com,,4112 Lake Dr,Houston,TX,77034,Seller,Fire Damage,Divorce Settlement Required,916748,316303,76,B,Texas Lead Gen,NEW
TX-S-0178,Pamela,James,+19722086526,pamela.james@gmail.com,,7169 Valley Ct,McKinney,TX,75071,Seller,Absentee Owner,Vacant Property - High Equity,900854,374740,76,B,Texas Lead Gen,NEW
TX-B-0030,Timothy,Johnson,+18069743501,timothy.johnson@outlook.com,,,Amarillo,TX,,Buyer,,Buy and Hold,0,0,76,B,Texas Lead Gen,NEW
TX-B-0053,Patricia,Harris,+19725694085,patricia.harris@yahoo.com,Eric Wholesalers,,Frisco,TX,,Buyer,,REIT,0,0,76,B,Texas Lead Gen,NEW
TX-S-0085,Donald,Hill,+12542531645,donald.hill@hotmail.com,,6826 Oak Ln,Waco,TX,76774,Seller,Tax Delinquent,Behind on Mortgage Payments,856188,275998,75,B,Texas Lead Gen,NEW
TX-S-0095,George,Sanders,+16823139782,george37@outlook.com,,9155 Commerce Rd,Fort Worth,TX,76122,Seller,Code Violation,Financial Hardship - Needs Cash,311783,119977,75,B,Texas Lead Gen,NEW
TX-S-0164,Sandra,Ortiz,+12144975389,sandra32@aol.com,,3183 Peak Way,Frisco,TX,75033,Seller,Fire Damage,Distressed Property - Code Violations,936332,394019,75,B,Texas Lead Gen,NEW
TX-S-0176,Rebecca,Edwards,+12144763616,rebecca87@hotmail.com,,8804 Sunset Pl,Dallas,TX,75204,Seller,Probate,Job Relocation - Must Sell Fast,492602,85932,75,B,Texas Lead Gen,NEW
TX-S-0185,Maria,Ward,+12149969493,mward@yahoo.com,,9018 Lincoln Blvd,Dallas,TX,75207,Seller,Eviction,Behind on Mortgage Payments,210497,94310,75,B,Texas Lead Gen,NEW
TX-B-0007,Catherine,Morgan,+13613277654,catherine.morgan@outlook.com,Margaret Properties,,Corpus Christi,TX,,Buyer,,Fix & Flip,0,0,75,B,Texas Lead Gen,NEW
TX-B-0038,Benjamin,Edwards,+12145051921,benjamin.edwards@outlook.com,Benjamin Wholesalers,,Plano,TX,,Buyer,,Investor,0,0,75,B,Texas Lead Gen,NEW
TX-S-0009,Nancy,Nguyen,+17377378865,nancy.nguyen@outlook.com,,1239 Creek Blvd,Austin,TX,78718,Seller,High Equity,Tired Landlord - Ready to Exit,246886,191587,74,B,Texas Lead Gen,NEW
TX-S-0066,James,Davis,+17134354332,james.davis@outlook.com,,5131 Ridge Ln,Houston,TX,77055,Seller,Lien,Tired Landlord - Ready to Exit,190748,164024,74,B,Texas Lead Gen,NEW
TX-S-0067,Brian,King,+14696724119,bking@hotmail.com,,4397 Chestnut St,McKinney,TX,75072,Seller,Bankruptcy,Divorce Settlement Required,682334,221848,74,B,Texas Lead Gen,NEW
TX-S-0108,Zachary,Garcia,+12815656864,zgarcia@aol.com,,6248 Maple Rd,Houston,TX,77002,Seller,Vacant Property,Distressed Property - Code Violations,696743,354243,74,B,Texas Lead Gen,NEW
TX-S-0170,Rebecca,Howard,+15125969413,rebecca48@gmail.com,,5872 Hill Dr,Austin,TX,78780,Seller,Bankruptcy,Tired Landlord - Ready to Exit,340156,105315,74,B,Texas Lead Gen,NEW
TX-S-0171,Stephen,Wright,+18067028184,stephen.wright@hotmail.com,,1015 Jackson Blvd,Lubbock,TX,79421,Seller,High Equity,Inherited Family Estate (Probate),671423,331947,74,B,Texas Lead Gen,NEW
TX-B-0011,Barbara,Gomez,+12142937675,barbara.gomez@yahoo.com,Kenneth Capital,,Garland,TX,,Buyer,,REIT,0,0,74,B,Texas Lead Gen,NEW
TX-B-0044,Zachary,White,+18329858007,zachary.white@gmail.com,,,Houston,TX,,Buyer,,REIT,0,0,74,B,Texas Lead Gen,NEW
TX-B-0098,Ryan,Stewart,+12545499806,ryan.stewart@gmail.com,,,Waco,TX,,Buyer,,Investor,0,0,74,B,Texas Lead Gen,NEW
TX-S-0001,Stephen,Turner,+17132097120,sturner@hotmail.com,,1414 Enterprise Rd,Houston,TX,77063,Seller,Tax Delinquent,Avoiding Foreclosure Auction,310928,390577,73,B,Texas Lead Gen,NEW
TX-S-0019,Timothy,Ramirez,+14097048163,tramirez@hotmail.com,,5262 Commerce Ct,Beaumont,TX,77736,Seller,Fire Damage,Inherited Property - Not Interested,811877,84395,73,B,Texas Lead Gen,NEW
TX-S-0069,Kimberly,Martin,+19728423435,kimberly37@gmail.com,,2630 Maple Blvd,Dallas,TX,75211,Seller,Probate,Divorce Settlement Required,805266,134642,73,B,Texas Lead Gen,NEW
TX-S-0155,Michael,Ramirez,+16822995955,michael59@hotmail.com,,803 Birch Dr,Fort Worth,TX,76163,Seller,Utility Shutoff,Absentee Owner - Lives Out of State,409713,114082,73,B,Texas Lead Gen,NEW
TX-S-0174,Laura,Reed,+14692415160,laura15@yahoo.com,,2328 Maple Ln,Plano,TX,75026,Seller,Utility Shutoff,Inherited Family Estate (Probate),400670,284572,73,B,Texas Lead Gen,NEW
TX-S-0186,Robert,Hernandez,+19036839307,rhernandez@outlook.com,,3382 Canyon Ln,Tyler,TX,75709,Seller,Tax Delinquent,Inherited Property - Not Interested,298187,121268,73,B,Texas Lead Gen,NEW
TX-B-0023,Linda,Ruiz,+18173794477,linda.ruiz@yahoo.com,Pamela Properties,,Arlington,TX,,Buyer,,Property Manager,0,0,73,B,Texas Lead Gen,NEW
TX-S-0040,Amanda,Adams,+12143713927,amanda.adams@yahoo.com,,3577 Summit Ln,Irving,TX,75044,Seller,Eviction,Out-of-State Absentee Landlord,568146,128345,72,B,Texas Lead Gen,NEW
TX-S-0127,John,Evans,+18322184594,jevans@aol.com,,5102 Garden Ln,Houston,TX,77042,Seller,Bankruptcy,Divorce Settlement Required,240310,346626,72,B,Texas Lead Gen,NEW
TX-S-0175,Patricia,Watson,+16829619644,pwatson@aol.com,,5018 Washington Ct,Fort Worth,TX,76164,Seller,Code Violation,Property in Probate - Estate Settlement,470531,307136,72,B,Texas Lead Gen,NEW
TX-B-0046,Henry,Hall,+13618104666,henry.hall@outlook.com,Maria Ventures,,Corpus Christi,TX,,Buyer,,Property Manager,0,0,72,B,Texas Lead Gen,NEW
TX-B-0048,Christine,Rivera,+13619164214,christine.rivera@outlook.com,Karen Holdings,,Corpus Christi,TX,,Buyer,,Property Manager,0,0,72,B,Texas Lead Gen,NEW
TX-B-0070,Jose,Ramirez,+14327886349,jose.ramirez@yahoo.com,,,Midland,TX,,Buyer,,Property Manager,0,0,72,B,Texas Lead Gen,NEW
TX-S-0048,Daniel,Green,+14099337043,dgreen@outlook.com,,9880 River Ln,Beaumont,TX,77775,Seller,Vacant Property,Vacant Property - High Equity,869606,399230,71,B,Texas Lead Gen,NEW
TX-S-0052,Amanda,Hill,+18063162706,amanda.hill@aol.com,,3358 Jackson Blvd,Amarillo,TX,79107,Seller,Absentee Owner,Inherited Property - Not Interested,876674,162085,71,B,Texas Lead Gen,NEW
TX-S-0092,John,Sanchez,+12108036721,jsanchez@yahoo.com,,4041 Innovation Dr,San Antonio,TX,78253,Seller,Lien,Divorce Settlement Required,750033,178319,71,B,Texas Lead Gen,NEW
TX-S-0103,Helen,Carter,+12147124123,hcarter@hotmail.com,,4208 Chestnut Ln,McKinney,TX,75069,Seller,Fire Damage,Financial Hardship - Needs Cash,861223,303993,71,B,Texas Lead Gen,NEW
TX-S-0106,Larry,Harris,+14094143090,larry.harris@hotmail.com,,6385 Monroe Ct,Beaumont,TX,77722,Seller,Eviction,Avoiding Foreclosure Auction,756428,226029,71,B,Texas Lead Gen,NEW
TX-B-0045,Deborah,Johnson,+12149768877,deborah.johnson@outlook.com,Nancy Properties,,Irving,TX,,Buyer,,Wholesaler,0,0,71,B,Texas Lead Gen,NEW
TX-B-0093,Stephanie,Mitchell,+14698857498,stephanie.mitchell@gmail.com,,,McKinney,TX,,Buyer,,Cash Buyer,0,0,71,B,Texas Lead Gen,NEW
TX-S-0008,Heather,Cox,+14093989520,hcox@yahoo.com,,7826 Forest St,Beaumont,TX,77759,Seller,Pre-Foreclosure,Divorce Settlement Required,200799,188831,70,B,Texas Lead Gen,NEW
TX-S-0023,Jason,Rogers,+19158215116,jrogers@outlook.com,,2424 Creek Ave,El Paso,TX,79945,Seller,Utility Shutoff,Tax Lien & Pre-Foreclosure Opportunity,392068,352472,70,B,Texas Lead Gen,NEW
TX-S-0037,Peter,King,+19035204319,peter38@gmail.com,,1514 Meadow St,Tyler,TX,75754,Seller,Fire Damage,Absentee Owner - Lives Out of State,479691,158168,70,B,Texas Lead Gen,NEW
TX-S-0076,Sandra,Wilson,+18066527710,sandra38@hotmail.com,,3546 Valley Dr,Amarillo,TX,79151,Seller,Judgment,Financial Hardship - Needs Cash,384994,142695,70,B,Texas Lead Gen,NEW
TX-S-0128,Kevin,Morgan,+14692967196,kevin42@outlook.com,,1601 Sunrise Dr,Frisco,TX,75034,Seller,Absentee Owner,Property Needs Major Repairs,358131,320818,70,B,Texas Lead Gen,NEW
TX-B-0017,Amy,Parker,+12108546725,amy.parker@gmail.com,,,San Antonio,TX,,Buyer,,REIT,0,0,70,B,Texas Lead Gen,NEW
TX-B-0026,Tyler,Mendoza,+14323409912,tyler.mendoza@yahoo.com,,,Midland,TX,,Buyer,,Buy and Hold,0,0,70,B,Texas Lead Gen,NEW
TX-B-0028,Catherine,White,+14322877683,catherine.white@outlook.com,Eric Investments,,Midland,TX,,Buyer,,Fix & Flip,0,0,70,B,Texas Lead Gen,NEW
TX-B-0077,George,Castillo,+12147875749,george.castillo@gmail.com,Rebecca Developments,,McKinney,TX,,Buyer,,Buy and Hold,0,0,70,B,Texas Lead Gen,NEW
TX-B-0082,Harold,Johnson,+14329716696,harold.johnson@yahoo.com,Nicole Acquisitions,,Midland,TX,,Buyer,,Developer,0,0,70,B,Texas Lead Gen,NEW
TX-S-0005,Catherine,Lee,+12542896583,clee@yahoo.com,,4636 Lake Pkwy,Waco,TX,76759,Seller,Probate,Tax Lien & Pre-Foreclosure Opportunity,239731,257101,69,C,Texas Lead Gen,NEW
TX-S-0021,Kathleen,Allen,+14092994698,kathleen.allen@gmail.com,,2817 Lake Way,Beaumont,TX,77790,Seller,Judgment,Inherited Family Estate (Probate),816158,252700,69,C,Texas Lead Gen,NEW
TX-S-0024,Benjamin,Lopez,+16827412034,benjamin.lopez@gmail.com,,3109 Spring Way,Arlington,TX,76047,Seller,Pre-Foreclosure,Behind on Mortgage Payments,915653,85784,69,C,Texas Lead Gen,NEW
TX-S-0125,Susan,Jones,+18063636819,sjones@outlook.com,,4053 Enterprise Way,Lubbock,TX,79430,Seller,Lien,Distressed Property - Code Violations,754064,158457,69,C,Texas Lead Gen,NEW
TX-S-0168,Brandon,King,+14694295214,brandon.king@outlook.com,,6755 Elm Dr,Irving,TX,75051,Seller,Eviction,Out-of-State Absentee Landlord,321870,104932,69,C,Texas Lead Gen,NEW
TX-B-0004,Matthew,Torres,+19032771962,matthew.torres@gmail.com,Jacob Equity,,Tyler,TX,,Buyer,,Wholesaler,0,0,69,C,Texas Lead Gen,NEW
TX-B-0072,Helen,Phillips,+14099371816,helen.phillips@outlook.com,Lisa Partners,,Beaumont,TX,,Buyer,,Wholesaler,0,0,69,C,Texas Lead Gen,NEW
TX-B-0081,Betty,Jones,+19727506026,betty.jones@gmail.com,,,Irving,TX,,Buyer,,REIT,0,0,69,C,Texas Lead Gen,NEW
TX-B-0090,Henry,Martin,+14329931813,henry.martin@yahoo.com,,,Odessa,TX,,Buyer,,Buy and Hold,0,0,69,C,Texas Lead Gen,NEW
TX-S-0053,Alexander,Ramirez,+17132969932,alexander.ramirez@yahoo.com,,4478 Highland Ct,Houston,TX,77042,Seller,Eviction,Avoiding Foreclosure Auction,583250,352400,68,C,Texas Lead Gen,NEW
TX-S-0102,Karen,Gomez,+18063546149,kgomez@gmail.com,,1209 Technology Pkwy,Lubbock,TX,79478,Seller,Pre-Foreclosure,Job Relocation - Must Sell Fast,562105,376124,68,C,Texas Lead Gen,NEW
TX-S-0105,Thomas,Smith,+16829956379,thomas67@gmail.com,,1274 Valley Dr,Fort Worth,TX,76185,Seller,Bankruptcy,Tired Landlord - Ready to Exit,444710,359816,68,C,Texas Lead Gen,NEW
TX-S-0148,Patrick,Green,+12146657500,patrick.green@hotmail.com,,1567 Park Rd,Dallas,TX,75297,Seller,Code Violation,Inherited Family Estate (Probate),478377,103848,68,C,Texas Lead Gen,NEW
TX-S-0151,Kevin,Scott,+14697423372,kevin45@outlook.com,,6530 Maple Ct,Frisco,TX,75034,Seller,Pre-Foreclosure,Vacant Property - High Equity,909979,317280,68,C,Texas Lead Gen,NEW
TX-S-0195,Helen,Kim,+14327126386,helen.kim@outlook.com,,3052 Meadow Ct,Midland,TX,79793,Seller,Pre-Foreclosure,Financial Hardship - Needs Cash,151510,347730,68,C,Texas Lead Gen,NEW
TX-B-0091,Linda,Turner,+18325269926,linda.turner@yahoo.com,Stephen Wholesalers,,Houston,TX,,Buyer,,Fix & Flip,0,0,68,C,Texas Lead Gen,NEW
TX-S-0018,James,Kim,+18062341165,jkim@aol.com,,9879 Enterprise Blvd,Amarillo,TX,79151,Seller,Judgment,Avoiding Foreclosure Auction,507421,175567,67,C,Texas Lead Gen,NEW
TX-S-0097,Michelle,Thomas,+17139462258,michelle60@hotmail.com,,5034 Enterprise Way,Houston,TX,77065,Seller,High Equity,Property Needs Major Repairs,919131,280015,67,C,Texas Lead Gen,NEW
TX-S-0132,Angela,Cruz,+16823183844,acruz@yahoo.com,,8868 Lincoln Ave,Fort Worth,TX,76166,Seller,Judgment,Behind on Mortgage Payments,826698,246618,67,C,Texas Lead Gen,NEW
TX-S-0179,Eric,Martin,+14099142962,eric28@aol.com,,2048 Business Dr,Beaumont,TX,77790,Seller,Condemned,Inherited Property - Not Interested,593609,386606,67,C,Texas Lead Gen,NEW
TX-B-0092,Patricia,Hill,+12149343244,patricia.hill@outlook.com,Michael Wholesalers,,Dallas,TX,,Buyer,,REIT,0,0,67,C,Texas Lead Gen,NEW
TX-S-0031,Margaret,Hill,+16822111882,mhill@aol.com,,6366 Oak Dr,Arlington,TX,76054,Seller,Absentee Owner,Property in Probate - Estate Settlement,619024,203349,66,C,Texas Lead Gen,NEW
TX-S-0073,Donna,Williams,+13613829888,donna27@gmail.com,,8809 Technology Ct,Corpus Christi,TX,78497,Seller,Code Violation,Inherited Family Estate (Probate),279724,60188,66,C,Texas Lead Gen,NEW
TX-S-0129,Donna,Sanders,+14324166163,dsanders@outlook.com,,3779 Adams Ct,Odessa,TX,79766,Seller,Bankruptcy,Financial Hardship - Needs Cash,258316,325289,66,C,Texas Lead Gen,NEW
TX-S-0146,Sharon,Garcia,+18064786171,sharon73@outlook.com,,1794 Enterprise Ln,Amarillo,TX,79145,Seller,Bankruptcy,Tax Lien & Pre-Foreclosure Opportunity,889081,230746,66,C,Texas Lead Gen,NEW
TX-S-0152,Larry,Jackson,+19724179399,larry55@gmail.com,,2485 Ridge Pl,Plano,TX,75037,Seller,Tax Delinquent,Distressed Property - Code Violations,658263,195777,66,C,Texas Lead Gen,NEW
TX-S-0180,David,Harris,+14325044993,david.harris@aol.com,,9498 Jefferson Ave,Midland,TX,79751,Seller,Vacant Property,Tired Landlord - Ready to Exit,675381,106216,66,C,Texas Lead Gen,NEW
TX-B-0001,Ronald,Morgan,+18173496364,ronald.morgan@outlook.com,Kimberly Developments,,Fort Worth,TX,,Buyer,,Fix & Flip,0,0,66,C,Texas Lead Gen,NEW
TX-B-0012,Nathan,Johnson,+14323034851,nathan.johnson@outlook.com,,,Midland,TX,,Buyer,,Investor,0,0,66,C,Texas Lead Gen,NEW
TX-B-0069,Timothy,Parker,+19033353335,timothy.parker@outlook.com,,,Tyler,TX,,Buyer,,Developer,0,0,66,C,Texas Lead Gen,NEW
TX-B-0085,Frank,Campbell,+12148932288,frank.campbell@gmail.com,Raymond Capital Partners,,Dallas,TX,,Buyer,,REIT,0,0,66,C,Texas Lead Gen,NEW
TX-B-0096,Daniel,Roberts,+14693364863,daniel.roberts@outlook.com,Kenneth Solutions,,Irving,TX,,Buyer,,Property Manager,0,0,66,C,Texas Lead Gen,NEW
TX-S-0015,Debra,Clark,+19727067346,debra.clark@hotmail.com,,8135 Washington St,Plano,TX,75029,Seller,Judgment,Out-of-State Absentee Landlord,935236,267535,65,C,Texas Lead Gen,NEW
TX-S-0038,Brenda,Morris,+12547853213,bmorris@yahoo.com,,3817 Commerce Rd,Waco,TX,76720,Seller,Absentee Owner,Property in Probate - Estate Settlement,887381,378597,65,C,Texas Lead Gen,NEW
TX-S-0070,Jennifer,Ramirez,+14699067794,jennifer75@aol.com,,6613 Garden Ct,Plano,TX,75052,Seller,Judgment,Tired Landlord - Ready to Exit,564803,153074,65,C,Texas Lead Gen,NEW
TX-S-0083,Daniel,Phillips,+14699302982,daniel.phillips@yahoo.com,,1509 Industrial Blvd,Irving,TX,75040,Seller,Vacant Property,Behind on Mortgage Payments,788674,361362,65,C,Texas Lead Gen,NEW
TX-S-0093,Rachel,Wilson,+13619966262,rachel37@aol.com,,6724 Garden Ct,Corpus Christi,TX,78438,Seller,Utility Shutoff,Avoiding Foreclosure Auction,824693,372538,65,C,Texas Lead Gen,NEW
TX-S-0121,Brandon,Cooper,+19033061318,brandon79@gmail.com,,7685 Valley Dr,Tyler,TX,75707,Seller,Utility Shutoff,Behind on Mortgage Payments,695738,237790,65,C,Texas Lead Gen,NEW
TX-S-0196,Edward,Morris,+17266263581,emorris@aol.com,,4022 Park Dr,San Antonio,TX,78278,Seller,Lien,Inherited Property - Not Interested,186321,291090,65,C,Texas Lead Gen,NEW
TX-S-0197,Mary,Torres,+12106293406,mary71@gmail.com,,3499 Forest Pl,San Antonio,TX,78247,Seller,Absentee Owner,Tax Lien & Pre-Foreclosure Opportunity,618660,317562,65,C,Texas Lead Gen,NEW
TX-B-0027,Frank,Parker,+19159752490,frank.parker@outlook.com,Jerry Real Estate,,El Paso,TX,,Buyer,,Wholesaler,0,0,65,C,Texas Lead Gen,NEW
TX-B-0078,Eric,Lee,+19723258722,eric.lee@yahoo.com,Dennis Investments,,Plano,TX,,Buyer,,REIT,0,0,65,C,Texas Lead Gen,NEW
TX-B-0087,Zachary,Ramirez,+14694982656,zachary.ramirez@gmail.com,,,Frisco,TX,,Buyer,,Property Manager,0,0,65,C,Texas Lead Gen,NEW
TX-S-0051,Karen,Cooper,+17377131663,karen27@aol.com,,1468 Pine Ave,Austin,TX,78743,Seller,Fire Damage,Financial Hardship - Needs Cash,886109,159903,64,C,Texas Lead Gen,NEW
TX-S-0062,Sarah,Scott,+14326224864,sarah58@hotmail.com,,5059 Hill Ct,Midland,TX,79738,Seller,Bankruptcy,Job Relocation - Must Sell Fast,606850,152107,64,C,Texas Lead Gen,NEW
TX-S-0080,Jose,Adams,+14325109742,jose80@yahoo.com,,648 Hickory Ct,Odessa,TX,79766,Seller,Absentee Owner,Out-of-State Absentee Landlord,311386,257602,64,C,Texas Lead Gen,NEW
TX-S-0090,Linda,Nguyen,+12107886859,lnguyen@yahoo.com,,2131 Ridge Way,San Antonio,TX,78284,Seller,Vacant Property,Tax Lien & Pre-Foreclosure Opportunity,445944,63370,64,C,Texas Lead Gen,NEW
TX-S-0109,Anna,Sanders,+14699603722,asanders@aol.com,,9907 Innovation Pl,Irving,TX,75060,Seller,Pre-Foreclosure,Out-of-State Absentee Landlord,544422,382244,64,C,Texas Lead Gen,NEW
TX-S-0183,Barbara,Bennett,+19723308058,barbara16@aol.com,,2934 Peak Blvd,Dallas,TX,75248,Seller,Tax Delinquent,Avoiding Foreclosure Auction,308848,337139,64,C,Texas Lead Gen,NEW
TX-B-0009,Andrew,Perez,+14095235706,andrew.perez@yahoo.com,,,Beaumont,TX,,Buyer,,Fix & Flip,0,0,64,C,Texas Lead Gen,NEW
TX-B-0040,Jeffrey,Cooper,+12548794251,jeffrey.cooper@outlook.com,Tyler Real Estate,,Waco,TX,,Buyer,,Developer,0,0,64,C,Texas Lead Gen,NEW
TX-B-0059,Betty,Rogers,+13613908568,betty.rogers@gmail.com,,,Corpus Christi,TX,,Buyer,,Cash Buyer,0,0,64,C,Texas Lead Gen,NEW
TX-B-0063,Stephen,Myers,+18062925388,stephen.myers@outlook.com,Charles Developments,,Lubbock,TX,,Buyer,,Investor,0,0,64,C,Texas Lead Gen,NEW
TX-B-0097,Jerry,Lee,+19725389180,jerry.lee@yahoo.com,James Holdings,,Frisco,TX,,Buyer,,Buy and Hold,0,0,64,C,Texas Lead Gen,NEW
TX-S-0049,Brenda,Brown,+12104822563,bbrown@yahoo.com,,7936 Commerce Ln,San Antonio,TX,78246,Seller,Absentee Owner,Tired Landlord - Ready to Exit,507401,109954,63,C,Texas Lead Gen,NEW
TX-S-0054,Joshua,Sanchez,+18066468919,joshua.sanchez@outlook.com,,8889 Hickory Ct,Lubbock,TX,79464,Seller,Judgment,Job Relocation - Must Sell Fast,289313,281697,63,C,Texas Lead Gen,NEW
TX-S-0082,Christopher,Bennett,+14696259904,christopher.bennett@aol.com,,6478 Spring Way,McKinney,TX,75071,Seller,Vacant Property,Job Relocation - Must Sell Fast,523830,54210,63,C,Texas Lead Gen,NEW
TX-S-0091,Joseph,James,+17379088793,joseph10@outlook.com,,3155 Birch St,Austin,TX,78757,Seller,Vacant Property,Avoiding Foreclosure Auction,911068,296298,63,C,Texas Lead Gen,NEW
TX-S-0194,David,Cox,+19152876698,david80@aol.com,,1458 Jefferson Way,El Paso,TX,79920,Seller,Eviction,Tired Landlord - Ready to Exit,517905,177707,63,C,Texas Lead Gen,NEW
TX-B-0035,Debra,Turner,+19727512720,debra.turner@outlook.com,Alexander Investments,,Irving,TX,,Buyer,,Wholesaler,0,0,63,C,Texas Lead Gen,NEW
TX-B-0036,Margaret,Parker,+13612553699,margaret.parker@yahoo.com,,,Corpus Christi,TX,,Buyer,,Property Manager,0,0,63,C,Texas Lead Gen,NEW
TX-B-0060,Nathan,Thomas,+17268738643,nathan.thomas@gmail.com,Katherine Capital Partners,,San Antonio,TX,,Buyer,,Cash Buyer,0,0,63,C,Texas Lead Gen,NEW
TX-B-0089,Donald,Stewart,+16828213106,donald.stewart@yahoo.com,,,Arlington,TX,,Buyer,,Wholesaler,0,0,63,C,Texas Lead Gen,NEW
TX-B-0099,Anthony,Mitchell,+19039233771,anthony.mitchell@gmail.com,,,Tyler,TX,,Buyer,,Property Manager,0,0,63,C,Texas Lead Gen,NEW
TX-S-0075,Frank,Wood,+14327285498,frank.wood@outlook.com,,3977 Valley St,Midland,TX,79787,Seller,Lien,Behind on Mortgage Payments,909630,230038,62,C,Texas Lead Gen,NEW
TX-S-0147,Christopher,Green,+19722151086,cgreen@gmail.com,,6323 Business Blvd,Frisco,TX,75036,Seller,Bankruptcy,Tax Lien & Pre-Foreclosure Opportunity,166227,143208,62,C,Texas Lead Gen,NEW
TX-S-0181,Pamela,Evans,+13617199019,pamela.evans@gmail.com,,4824 Hill Ln,Corpus Christi,TX,78463,Seller,Lien,Divorce Settlement Required,926026,222433,62,C,Texas Lead Gen,NEW
TX-B-0005,Zachary,Nguyen,+14322176131,zachary.nguyen@gmail.com,Edward Holdings,,Midland,TX,,Buyer,,Developer,0,0,62,C,Texas Lead Gen,NEW
TX-S-0010,Kenneth,Chavez,+18322131374,kchavez@gmail.com,,9485 Garden Pkwy,Houston,TX,77052,Seller,Utility Shutoff,Job Relocation - Must Sell Fast,615267,364925,61,C,Texas Lead Gen,NEW
TX-S-0150,Cynthia,Phillips,+18172179202,cphillips@aol.com,,5713 Peak Pl,Arlington,TX,76068,Seller,Judgment,Financial Hardship - Needs Cash,319336,67018,61,C,Texas Lead Gen,NEW
TX-S-0163,Patrick,Carter,+16829418001,patrick33@yahoo.com,,9878 Industrial Rd,Fort Worth,TX,76113,Seller,Probate,Distressed Property - Code Violations,609977,352321,61,C,Texas Lead Gen,NEW
TX-S-0172,Jack,Williams,+16829829283,jwilliams@outlook.com,,2867 Garden Blvd,Fort Worth,TX,76184,Seller,Condemned,Property Needs Major Repairs,393510,66875,61,C,Texas Lead Gen,NEW
TX-B-0025,Shirley,Thompson,+14695784333,shirley.thompson@outlook.com,Kimberly Investments,,Frisco,TX,,Buyer,,Property Manager,0,0,61,C,Texas Lead Gen,NEW
TX-B-0075,Frank,Collins,+18064176246,frank.collins@yahoo.com,Gary Holdings,,Lubbock,TX,,Buyer,,REIT,0,0,61,C,Texas Lead Gen,NEW
TX-S-0026,Cynthia,Kelly,+17137385088,cynthia.kelly@gmail.com,,6747 Park Way,Houston,TX,77078,Seller,Pre-Foreclosure,Inherited Family Estate (Probate),493188,171152,60,C,Texas Lead Gen,NEW
TX-S-0030,Zachary,Lopez,+13613303786,zachary45@yahoo.com,,7836 Hickory Ct,Corpus Christi,TX,78469,Seller,Lien,Out-of-State Absentee Landlord,458246,135077,60,C,Texas Lead Gen,NEW
TX-S-0042,Peter,Young,+19725328769,pyoung@aol.com,,7325 Commerce Ct,Irving,TX,75043,Seller,Probate,Property in Probate - Estate Settlement,249805,262683,60,C,Texas Lead Gen,NEW
TX-S-0118,Gregory,Cook,+14697825798,gregory53@gmail.com,,5906 Canyon Way,Frisco,TX,75035,Seller,Judgment,Financial Hardship - Needs Cash,529993,271794,60,C,Texas Lead Gen,NEW
TX-S-0123,Christine,Kim,+12149921851,christine.kim@hotmail.com,,7531 Pine St,Irving,TX,75052,Seller,Condemned,Property in Probate - Estate Settlement,573356,220878,60,C,Texas Lead Gen,NEW
TX-S-0149,Jose,Evans,+18064551153,jose.evans@hotmail.com,,6453 Maple St,Lubbock,TX,79478,Seller,Condemned,Tired Landlord - Ready to Exit,709445,238676,60,C,Texas Lead Gen,NEW
TX-S-0004,Amanda,Alvarez,+12143375580,amanda.alvarez@gmail.com,,5142 Innovation Ct,Frisco,TX,75036,Seller,Code Violation,Distressed Property - Code Violations,467601,178295,59,C,Texas Lead Gen,NEW
TX-S-0022,Jacob,Reed,+12147313521,jreed@hotmail.com,,3140 Oak Dr,Plano,TX,75081,Seller,Bankruptcy,Distressed Property - Code Violations,297412,160023,59,C,Texas Lead Gen,NEW
TX-S-0058,Mary,Bennett,+12144832981,mary54@outlook.com,,6347 Lake Way,Plano,TX,75071,Seller,Utility Shutoff,Tired Landlord - Ready to Exit,335110,205302,59,C,Texas Lead Gen,NEW
TX-S-0141,Amy,Turner,+19724041582,amy.turner@gmail.com,,1822 Ridge St,McKinney,TX,75070,Seller,Bankruptcy,Property Needs Major Repairs,791910,151971,59,C,Texas Lead Gen,NEW
TX-S-0189,Amanda,Cox,+12143124895,amanda.cox@aol.com,,3679 Hill Dr,Frisco,TX,75035,Seller,Vacant Property,Divorce Settlement Required,281477,273818,59,C,Texas Lead Gen,NEW
TX-S-0002,Stephanie,Taylor,+14328518497,stephanie8@hotmail.com,,1275 Valley Way,Odessa,TX,79769,Seller,Fire Damage,Inherited Family Estate (Probate),898407,141683,58,C,Texas Lead Gen,NEW
TX-S-0016,Linda,Mendoza,+14325731817,lmendoza@outlook.com,,9050 Industrial Way,Odessa,TX,79762,Seller,Lien,Distressed Property - Code Violations,553585,231302,58,C,Texas Lead Gen,NEW
TX-S-0065,Alexander,Kim,+18069419635,akim@gmail.com,,3754 Commerce Ct,Amarillo,TX,79142,Seller,Utility Shutoff,Behind on Mortgage Payments,922817,239163,58,C,Texas Lead Gen,NEW
TX-S-0101,Mark,Peterson,+18062822473,mark.peterson@aol.com,,9104 Creek Dr,Amarillo,TX,79167,Seller,Code Violation,Divorce Settlement Required,651693,132042,58,C,Texas Lead Gen,NEW
TX-S-0139,John,Torres,+18065439170,jtorres@gmail.com,,6016 Monroe Ct,Lubbock,TX,79478,Seller,Pre-Foreclosure,Property in Probate - Estate Settlement,152182,154857,58,C,Texas Lead Gen,NEW
TX-S-0046,Helen,Miller,+14322445201,helen40@aol.com,,8633 Meadow Ave,Midland,TX,79746,Seller,Tax Delinquent,Tired Landlord - Ready to Exit,483243,382713,57,C,Texas Lead Gen,NEW
TX-S-0068,Emily,Reed,+18177059154,ereed@outlook.com,,8472 Enterprise Blvd,Arlington,TX,76078,Seller,Bankruptcy,Property in Probate - Estate Settlement,203489,212373,57,C,Texas Lead Gen,NEW
TX-S-0084,Mary,Green,+14094463616,mary.green@aol.com,,801 Hill Ave,Beaumont,TX,77762,Seller,Condemned,Absentee Owner - Lives Out of State,306245,214662,57,C,Texas Lead Gen,NEW
TX-S-0111,Jack,Bennett,+14093062501,jack31@gmail.com,,1142 Spring Pkwy,Beaumont,TX,77787,Seller,Utility Shutoff,Behind on Mortgage Payments,472489,58058,57,C,Texas Lead Gen,NEW
TX-S-0112,Jerry,Stewart,+19156864729,jstewart@aol.com,,8453 Adams Ln,El Paso,TX,79938,Seller,Condemned,Property in Probate - Estate Settlement,927125,224169,57,C,Texas Lead Gen,NEW
TX-S-0116,Sandra,Howard,+19154052151,showard@aol.com,,6966 Washington Ln,El Paso,TX,79926,Seller,Bankruptcy,Financial Hardship - Needs Cash,560203,80181,57,C,Texas Lead Gen,NEW
TX-S-0017,Helen,Ramos,+18176295759,hramos@outlook.com,,785 Birch Ct,Arlington,TX,76022,Seller,Probate,Divorce Settlement Required,888224,211787,56,C,Texas Lead Gen,NEW
TX-S-0056,Elizabeth,Carter,+19723312045,elizabeth.carter@outlook.com,,2809 Lincoln St,McKinney,TX,75072,Seller,Pre-Foreclosure,Financial Hardship - Needs Cash,248756,147399,56,C,Texas Lead Gen,NEW
TX-S-0131,Helen,Clark,+19037063986,helen2@outlook.com,,1368 Washington Rd,Tyler,TX,75716,Seller,Code Violation,Job Relocation - Must Sell Fast,949684,295285,56,C,Texas Lead Gen,NEW
TX-S-0140,Jonathan,Morales,+13614766550,jonathan.morales@outlook.com,,8900 Chestnut Ct,Corpus Christi,TX,78416,Seller,Probate,Behind on Mortgage Payments,480685,103993,56,C,Texas Lead Gen,NEW
TX-S-0156,Zachary,Lee,+18174508283,zachary.lee@gmail.com,,9987 Sunset Ct,Arlington,TX,76012,Seller,Eviction,Property Needs Major Repairs,155321,350609,56,C,Texas Lead Gen,NEW
TX-S-0169,Andrew,King,+19154946392,aking@outlook.com,,1823 Jackson Ct,El Paso,TX,79974,Seller,Vacant Property,Divorce Settlement Required,209343,265787,56,C,Texas Lead Gen,NEW
TX-S-0182,Nathan,Brown,+12549235546,nathan55@yahoo.com,,9397 Maple Ln,Waco,TX,76705,Seller,Pre-Foreclosure,Tired Landlord - Ready to Exit,567007,115751,56,C,Texas Lead Gen,NEW
TX-S-0007,Elizabeth,Collins,+12147891065,ecollins@yahoo.com,,4060 Birch Dr,Dallas,TX,75223,Seller,Code Violation,Property Needs Major Repairs,906852,223008,55,C,Texas Lead Gen,NEW
TX-S-0078,Katherine,Alvarez,+14329118580,kalvarez@yahoo.com,,1349 Innovation Blvd,Midland,TX,79727,Seller,Pre-Foreclosure,Vacant Property - High Equity,268190,141938,55,C,Texas Lead Gen,NEW
TX-S-0114,Timothy,Rodriguez,+12144106430,timothy58@outlook.com,,2131 Jefferson Ln,Plano,TX,75057,Seller,Eviction,Tired Landlord - Ready to Exit,905910,328413,55,C,Texas Lead Gen,NEW
TX-S-0117,Nancy,Sanchez,+14097221617,nsanchez@outlook.com,,1280 River Blvd,Beaumont,TX,77740,Seller,Vacant Property,Inherited Family Estate (Probate),424106,77952,55,C,Texas Lead Gen,NEW
TX-S-0130,Laura,Collins,+19727228474,lcollins@aol.com,,4122 Jefferson Way,Frisco,TX,75034,Seller,Tax Delinquent,Absentee Owner - Lives Out of State,278444,371523,55,C,Texas Lead Gen,NEW
TX-S-0166,Joseph,Jimenez,+13616339986,jjimenez@outlook.com,,2787 Adams Pl,Corpus Christi,TX,78464,Seller,Condemned,Property in Probate - Estate Settlement,893059,117841,55,C,Texas Lead Gen,NEW
